,rmse,mean,median,std,min,max,sse
./ColorICP_rpe.zip,0.008869384446876214,0.0032527577561191692,0.0025181844223159952,0.008251396696711188,0.00040120944285583065,0.1256627362544054,0.03626501699505175
./gradslam_rpe.zip,0.00908336939447852,0.0032967748218284357,0.0024902004991294367,0.008463975149461815,0.00036651260394720626,0.1346239138125612,0.03803600339556913
./ours_rpe.zip,0.009370950955918146,0.0033155375338558162,0.002517285927439638,0.008764812187366966,0.0003430859883360307,0.1259596206315389,0.0404825867582009
./ours_US_rpe.zip,0.009370950955918146,0.0033155375338558162,0.002517285927439638,0.008764812187366966,0.0003430859883360307,0.1259596206315389,0.0404825867582009
./rgbdvo_rpe.zip,0.008809908948837196,0.0032914321677102866,0.0024406822607393472,0.008171962430907504,0.0004543225726286258,0.10472126292553077,0.03578028251161559
