,rmse,mean,median,std,min,max,sse
./ColorICP_rpe.zip,0.02853745116564156,0.014131907608243127,0.010771329107922828,0.024792646215832975,0.0010062551360880399,0.3735018765715313,0.21418354930525213
./gradslam_rpe.zip,0.025709209414645495,0.015232014972953557,0.011877956355880901,0.020711088059052217,0.0010804992857569719,0.23457791227553615,0.1738333870149634
./ours_rpe.zip,0.036719692472910674,0.01448187057795833,0.010240593989489823,0.03374331400245681,0.0005021449043750926,0.504727704263056,0.35461231942524996
./ours_US_rpe.zip,0.036719692472910674,0.01448187057795833,0.010240593989489823,0.03374331400245681,0.0005021449043750926,0.504727704263056,0.35461231942524996
./rgbdvo_rpe.zip,0.037288748672918946,0.012333108550096518,0.007022977241338607,0.035190129455340904,0.0012928930769139917,0.40796497042339763,0.36568855450672616
