,rmse,mean,median,std,min,max,sse
./ColorICP_rpe.zip,3.005715700203471,0.877100917894512,0.5795008471437705,2.8748949285631724,0.06339927373336027,41.26923794927976,4164.824687277285
./gradslam_rpe.zip,2.0295255901034226,0.6815658070672481,0.4602919102420558,1.9116595333692177,0.04552360370323549,25.656571445588202,1898.8470697278217
./ours_rpe.zip,3.089099044086505,1.035641810305379,0.7439390000107242,2.9103228248638606,0.1013161415827164,40.762561226882,4399.107668825211
./ours_US_rpe.zip,3.089099044086505,1.035641810305379,0.7439390000107242,2.9103228248638606,0.1013161415827164,40.762561226882,4399.107668825211
./rgbdvo_rpe.zip,29.411952325702657,7.973704783605986,0.9825654187659211,28.310474592159434,0.12258750626434006,174.97925589580885,398794.01515993616
