,rmse,mean,median,std,min,max,sse
./ColorICP_ape.zip,0.1782700360252725,0.16043109623135904,0.15284014093793624,0.07773074749709005,0.034204093599754265,0.34100370153049475,11.186632422047088
./gradslam_ape.zip,0.2614415981237511,0.22307678036744336,0.22890596305451671,0.1363395001105564,0.02652525525265235,0.4806156809181175,24.059801648784344
./ours_ape.zip,0.1824798515309792,0.16221687810121352,0.1542853009321039,0.08357380375371365,0.03034416205453541,0.40907943540428565,11.72121146759841
./ours_US_ape.zip,0.1824798515309792,0.16221687810121352,0.1542853009321039,0.08357380375371365,0.03034416205453541,0.40907943540428565,11.72121146759841
./rgbdvo_ape.zip,0.21903861082019732,0.21007812734648154,0.20274539397899807,0.062008817442661686,0.10064640133852257,0.44696075142029834,16.88822538657474
