,rmse,mean,median,std,min,max,sse
./ColorICP_ape.zip,0.2620282406206231,0.25082059228441705,0.2801384172501068,0.07581444037143173,0.02689190125468981,0.395561048219432,25.266437988848004
./gradslam_ape.zip,0.2526545881306229,0.24708188113482218,0.25223386773584877,0.05277200885253762,0.14462781889934104,0.34696073381452047,23.491037452471332
./ours_ape.zip,0.2887620618876333,0.2457583690459535,0.2091832129644109,0.1516125074968101,0.014101002794703164,0.5575842447139473,30.68513844589983
./ours_US_ape.zip,0.2887620618876333,0.2457583690459535,0.2091832129644109,0.1516125074968101,0.014101002794703164,0.5575842447139473,30.68513844589983
./rgbdvo_ape.zip,0.3883391690153137,0.3480120016774858,0.3074544942706335,0.17232224719964048,0.1068437348502244,0.8140486729343451,55.49709015047361
