,rmse,mean,median,std,min,max,sse
./ColorICP_rpe.zip,2.34238103586098,0.9519745562253544,0.6481966269131804,2.140208719134817,0.03407936755925753,31.80113978127322,1421.0679695447398
./gradslam_rpe.zip,1.7484120245403465,0.7830751470318206,0.5356794922784982,1.5632459568661503,0.042163205910371336,21.66275236098422,791.7486533573339
./ours_rpe.zip,2.8559336113856393,1.1110681462108327,0.8300373931552558,2.630947427661344,0.06647088663022782,40.456824372723645,2112.496409294335
./ours_US_rpe.zip,2.8559336113856393,1.1110681462108327,0.8300373931552558,2.630947427661344,0.06647088663022782,40.456824372723645,2112.496409294335
./rgbdvo_rpe.zip,15.332983465713294,3.44931618063423,0.9095748563856344,14.939966527601463,0.14810011385452468,157.1288699668077,60890.998927597844
