,rmse,mean,median,std,min,max,sse
./ColorICP_rpe.zip,5.5893106223390046,1.4133661491675318,0.8121330963315097,5.407660248330972,0.07321094795450135,93.27236212348298,11465.224316507929
./gradslam_rpe.zip,4.799489806192568,1.1800557285092583,0.6429775835697891,4.652157658265557,0.047067868697178515,81.03460495201705,8453.88258070692
./ours_rpe.zip,6.101923502044902,1.644718492551441,0.9438249354333367,5.876084708806301,0.09936648641157904,100.69153914783905,13664.683645904506
./ours_US_rpe.zip,6.101923502044902,1.644718492551441,0.9438249354333367,5.876084708806301,0.09936648641157904,100.69153914783905,13664.683645904506
./rgbdvo_rpe.zip,21.448357784700917,5.087189439443591,1.0117773965299055,20.83632777789201,0.07109302505814816,174.47081111511608,168831.76295941835
