,rmse,mean,median,std,min,max,sse
./ColorICP_ape.zip,0.06236179904135681,0.05802313794138375,0.05737999461620097,0.02285409029276217,0.02496662263742912,0.13890482709470384,1.796715218609652
./gradslam_ape.zip,0.05924161511059018,0.05411405977370203,0.05693733043793124,0.024108867574390784,0.013633453345983685,0.13176005248155237,1.6214208599410238
./ours_ape.zip,0.07230076165189574,0.06780740760707644,0.06217902157468497,0.025090946754796374,0.019653729170564172,0.1619322803490313,2.415058862575237
./ours_US_ape.zip,0.07230076165189574,0.06780740760707644,0.06217902157468497,0.025090946754796374,0.019653729170564172,0.1619322803490313,2.415058862575237
./rgbdvo_ape.zip,0.06041508127895592,0.056592776535325566,0.05452965295966371,0.02114804222535868,0.013873152393733072,0.11870427275612322,1.6862917052255968
