,rmse,mean,median,std,min,max,sse
./gradslam_rpe.zip,0.05850233689312785,0.006067306258229304,0.000927361849549606,0.05818686464079225,4.1633363423443376e-17,4.307704452489746,24.1801279761264
./ours_GS_rpe.zip,0.05162599160180148,0.0021790011556286275,0.0009273618495494411,0.051579986068561956,1.7388818282700992e-16,4.321402082722289,18.82994185766144
./ours_rpe.zip,0.05161136245638346,0.0022416086641974106,0.0009273618495495206,0.05156266018351637,7.632783294297954e-17,4.3213605075999775,18.819271769978588
./rgbdvo_rpe.zip,0.05758987006925216,0.004445562901968,0.0009273618495495994,0.05741802944265845,1.3877787807814455e-17,4.307704452489746,23.43173049590199
