,rmse,mean,median,std,min,max,sse
./gradslam_ape.zip,1.4252919897470664,1.3881377173995089,1.454486895659917,0.3233124395534969,0.7206261368435114,1.9883355754873115,17247.072103755418
./ours_ape.zip,0.8922108375812521,0.8480467098276004,0.8541922488741481,0.27723087246556977,0.36456107280843963,1.3539806974377975,6758.38111714126
./ours_GS_ape.zip,1.1248454142724678,1.0470442439234178,1.0859986107598,0.4110663660245601,0.3372474347235431,2.1061626163234126,10742.2034790232
./rgbdvo_ape.zip,1.5387945900748754,1.4515889796197685,1.5938699688152949,0.5106644932733653,0.16169666064279414,2.169313604234484,20103.375830867048
