,rmse,mean,median,std,min,max,sse
./ColorICP_rpe.zip,0.01714847767815942,0.006276921620374906,0.0045397221044635935,0.015958400347465974,0.0003143879765545511,0.26840454508499634,0.08822108600349957
./gradslam_rpe.zip,0.017035239969116447,0.0064610981665973784,0.005152416295228797,0.01576241134112971,0.0005406041219996464,0.2524479656127381,0.08705982024161475
./ours_rpe.zip,0.015574923475956234,0.005899361602782174,0.004570764557596117,0.014414429366489397,0.000474588169541455,0.24748934434710476,0.07277347238456779
./ours_US_rpe.zip,0.015574923475956234,0.005899361602782174,0.004570764557596117,0.014414429366489397,0.000474588169541455,0.24748934434710476,0.07277347238456779
./rgbdvo_rpe.zip,0.016153990379210975,0.005657703047917701,0.004033894714549076,0.015130822892137212,0.000655112235046181,0.22447137038265372,0.0782854215514922
