,rmse,mean,median,std,min,max,sse
./ColorICP_ape.zip,0.06059883108598983,0.053835297902064844,0.046168719173035534,0.02782047858654232,0.011880051342795546,0.12966712601500774,11.77313196273658
./gradslam_ape.zip,0.07145379399872812,0.06615297840768053,0.0610457815274329,0.02700792706976286,0.01565131000196319,0.14891649842960966,16.368696833861435
./ours_ape.zip,0.0564480674468961,0.05015506633517399,0.04403442318873157,0.025900842445828437,0.005921935803582104,0.12191261298308828,10.215548125076797
./ours_GS_ape.zip,0.06259946473946848,0.055429817669270326,0.05541607772646996,0.029090003417315113,0.005660773313341727,0.1483861183809138,12.563329712051472
./rgbdvo_ape.zip,0.07650290485385282,0.06873853061943289,0.06430448129423025,0.03358137667456392,0.007688028309841793,0.16773667584286733,18.763738410154968
