,rmse,mean,median,std,min,max,sse
./ColorICP_rpe.zip,0.0072264560776925816,0.0054513215845375575,0.0046326119414496865,0.004743918256544372,0.00024494897427815537,0.11875718148437744,0.11666320506726
./gradslam_rpe.zip,0.006589729359451624,0.00517512904275938,0.004585144668370474,0.004079530907053788,0.0002449489742781607,0.10666430896402275,0.097010406790849
./ours_GS_rpe.zip,0.00623467684911211,0.004781459952845577,0.004187234772670747,0.004001104364071061,0.00024494897427819505,0.09957672015648478,0.08683825055231698
./ours_rpe.zip,0.006419468248634881,0.0048486468562794266,0.004247351463766795,0.004207160117980183,0.00022703318054297683,0.11562392357711693,0.09206218517774692
./rgbdvo_rpe.zip,0.01934804216078076,0.008493905103660701,0.005754849084434595,0.017383909558708492,0.0002449489742781925,0.4886245583298492,0.8362906070072514
