,rmse,mean,median,std,min,max,sse
./ColorICP_rpe.zip,1.02940110620554,0.7618286113625226,0.6715171102177895,0.6923032604044559,0.03560846648639637,15.685268379681382,1471.8769594280361
./gradslam_rpe.zip,0.8466396647997194,0.7111538096231323,0.6424854274554245,0.4594115595745137,0.035608466486396394,4.766755422429467,995.6334248749199
./ours_GS_rpe.zip,0.9493548570772425,0.7905093307174345,0.7102708130597888,0.5257087051826569,0.0027378556284789026,5.7885369336011925,1251.8704814273947
./ours_rpe.zip,0.9504797601318217,0.7909186688334295,0.7087568668125713,0.5271237366226277,0.03560846648639637,5.873271704992568,1254.8389546697208
./rgbdvo_rpe.zip,11.424424145863094,1.9319741337898073,0.7379923841521631,11.259882015853755,0.01821162561924857,178.45935232646437,181288.7617527012
