,rmse,mean,median,std,min,max,sse
./ColorICP_rpe.zip,0.30183294219412776,0.24185359526532282,0.19316472818326325,0.18058228996997772,0.011446829494930989,1.6555528708012293,221.83610935932757
./gradslam_rpe.zip,0.3109743594431912,0.24933389378448192,0.19761538747096458,0.18584311028760722,0.011446829494930987,1.7545779025768735,235.47680218273592
./ours_GS_rpe.zip,0.34572485907329537,0.27448464932486116,0.2170757818877657,0.2101995610515349,0.011446829494930989,2.2382090422742182,291.0450263713436
./ours_rpe.zip,0.3507428431591358,0.2780002743002356,0.21990173958405995,0.21386067781700283,0.011446829494930992,2.3040385592189785,299.5550198366073
./rgbdvo_rpe.zip,4.179187417521816,0.5514689655366214,0.29835573591457343,4.1426428099490575,0.011446829494930989,143.35725910891978,42528.754191331434
