,rmse,mean,median,std,min,max,sse
./ColorICP_rpe.zip,0.04016837316123041,0.008744559546104145,0.004856220457371487,0.03920498540701799,0.0007641163713361329,0.6183493901862533,0.7276876892913549
./gradslam_rpe.zip,0.04955787720335111,0.013912150546489751,0.008955775684323751,0.04756506344024186,0.0017797503520263279,0.802800332273766,1.1076484199989949
./ours_rpe.zip,0.04076034088821631,0.009034609906256819,0.005014323534695577,0.039746461643338324,0.000603576347169689,0.6286388160285411,0.749293830584943
./ours_US_rpe.zip,0.04076034088821631,0.009034609906256819,0.005014323534695577,0.039746461643338324,0.000603576347169689,0.6286388160285411,0.749293830584943
./rgbdvo_rpe.zip,0.05719803400958959,0.010720050896418016,0.005444348906175195,0.056184478313323995,0.0008614819193082608,0.9853392602640327,1.4754984076475375
