,rmse,mean,median,std,min,max,sse
./gradslam_rpe.zip,0.1271565692922371,0.03461193869262534,0.019844996099085334,0.12235524841260156,0.0004608644052211772,2.1357974442805,16.34664983842738
./ours_rpe.zip,0.1355737507515551,0.03492070533333288,0.023185624933551453,0.1309991840885558,0.0015713684481545624,2.399135364655227,18.58242455366608
./ours_US_rpe.zip,0.1355737507515551,0.03492070533333288,0.023185624933551453,0.1309991840885558,0.0015713684481545624,2.399135364655227,18.58242455366608
./rgbdvo_rpe.zip,0.10077453623587639,0.024351168019564953,0.01420512778590626,0.09778817806687513,0.0004608644052210604,1.6787176193651643,10.267217732245077
