,rmse,mean,median,std,min,max,sse
./ColorICP_rpe.zip,0.9847497398730659,0.74716536905858,0.5979738486132097,0.6414639206219059,0.08500816382988007,7.027240380870624,290.9196150540213
./gradslam_rpe.zip,0.878617892495417,0.6176343869442752,0.47081355094568184,0.6248977236932916,0.03735005768419141,7.361542403849587,231.59082030392642
./ours_rpe.zip,1.2145603920372012,0.877634245099289,0.6831600514919562,0.8395922091912007,0.08018555750336327,10.988705468694048,442.547083771668
./ours_US_rpe.zip,1.2145603920372012,0.877634245099289,0.6831600514919562,0.8395922091912007,0.08018555750336327,10.988705468694048,442.547083771668
./rgbdvo_rpe.zip,7.1533723641340465,1.3607197238188367,0.8568367719601442,7.0227614236258304,0.09241050320593307,122.37885183823235,15351.220853987015
