,rmse,mean,median,std,min,max,sse
./ColorICP_ape.zip,0.4700089140730063,0.4029802543025851,0.35570183756653106,0.24189934673394733,0.045858600039539024,0.9197288924584553,777.1556784058488
./gradslam_ape.zip,0.9498647117846729,0.8390603780340904,0.6910312025308099,0.44521978022889896,0.15723879384381526,2.136608702497925,3174.090770900717
./ours_ape.zip,0.172459577875564,0.1611542099263691,0.16790192324895326,0.06141357035725485,0.02473086323644379,0.3266371982894411,104.63343251158038
./ours_GS_ape.zip,0.17445666513199692,0.15529605990590173,0.14031969098198122,0.07948749453014782,0.0290278563840116,0.36537189238373946,107.07078033558358
./rgbdvo_ape.zip,1.5465323347895257,1.465166401365069,1.5823597649378107,0.49502492751423655,0.11678506850770545,2.202536450308864,8414.219639649287
