,rmse,mean,median,std,min,max,sse
./ColorICP_rpe.zip,0.01850036042275237,0.006441427414781583,0.004642667603653762,0.01734276069810809,0.00012609649558027584,0.2872812546920171,0.14238154768104483
./gradslam_rpe.zip,0.020503098845966992,0.00826095487321111,0.006113398964387321,0.01876522546814353,0.00045079679978543975,0.2949863381259192,0.17487685791159707
./ours_rpe.zip,0.01785894960879888,0.006537095321419926,0.0048607157872943806,0.01661952062751171,0.00019960947297110044,0.2584851944071118,0.13267990574992092
./ours_US_rpe.zip,0.01785894960879888,0.006537095321419926,0.0048607157872943806,0.01661952062751171,0.00019960947297110044,0.2584851944071118,0.13267990574992092
./rgbdvo_rpe.zip,0.01837008271020855,0.0060988416248245764,0.004121196955663438,0.017328129432088456,0.00020216082706608213,0.2573495865572118,0.14038333453243973
