,rmse,mean,median,std,min,max,sse
./ColorICP_rpe.zip,0.02683900882976305,0.006319830393917638,0.003783093041915871,0.02608432745455044,0.00033956711903399055,0.49341405929883714,0.4242757806338543
./gradslam_rpe.zip,0.034054561424960064,0.009058351112467234,0.004865595131016943,0.03282772348137534,0.00014882518394119306,0.4524785385168138,0.6830710476155166
./ours_rpe.zip,0.02452824972606383,0.005603819609819153,0.0031862729032612427,0.023879536017367604,0.00023774393287756597,0.3385774315864295,0.35436303539362446
./ours_US_rpe.zip,0.02452824972606383,0.005603819609819153,0.0031862729032612427,0.023879536017367604,0.00023774393287756597,0.3385774315864295,0.35436303539362446
./rgbdvo_rpe.zip,0.03012364822245921,0.005227646200215297,0.003058525071010385,0.02966657879560507,0.000255670923399139,0.6253981869349378,0.5344787333337468
