,rmse,mean,median,std,min,max,sse
./ColorICP_rpe.zip,0.06856724308579125,0.0161562821333143,0.009578780680355753,0.0666366368600242,0.0004383278084810283,1.0869270997642009,1.5514840520473758
./gradslam_rpe.zip,0.07607276812906776,0.017161057547345607,0.00992379324974705,0.074111835456124,0.000482797570533079,1.2349433677541914,1.9097317967702394
./ours_rpe.zip,0.08532273659678233,0.020341122304114015,0.011766975274581485,0.08286258578980608,0.00028767951731087176,1.1507197586703755,2.4023898955200864
./ours_US_rpe.zip,0.08532273659678233,0.020341122304114015,0.011766975274581485,0.08286258578980608,0.00028767951731087176,1.1507197586703755,2.4023898955200864
./rgbdvo_rpe.zip,0.07291227186397362,0.014047303098556823,0.007509551812268176,0.07154629734670603,0.0002969414647627904,0.9302777661403813,1.7543457981607795
