,rmse,mean,median,std,min,max,sse
./ColorICP_rpe.zip,0.6802787743546124,0.5531012564807606,0.5092689050686575,0.3960532930260997,0.0228242330057554,10.071432646671338,692.7804786236082
./gradslam_rpe.zip,0.6315264404011891,0.5481476600455094,0.5002720994714014,0.3136236402320928,0.02282423300575541,2.704464850096153,597.0419904539175
./ours_GS_rpe.zip,0.6574513815571593,0.5800260252092183,0.53805559512954,0.30953534401003835,0.022824233005755406,3.7696316291714487,647.066751709792
./ours_rpe.zip,0.6637396738489902,0.5847168173910078,0.5379046185266622,0.3140964789699094,0.022824233005755406,3.8696197779365447,659.5038808978223
./rgbdvo_rpe.zip,15.650363129923877,2.8624164847735427,0.5786237761128443,15.386371825943158,0.0228242330057554,162.29130942142498,366665.9975494256
