,rmse,mean,median,std,min,max,sse
./ColorICP_rpe.zip,0.5089163595524014,0.1441808669968824,0.07661045834953945,0.4880653015858599,0.0,44.436466198179545,3179.433189882369
./gradslam_rpe.zip,0.4633933680866782,0.13911802372641827,0.07502736195083043,0.4420176343328073,0.0,44.72247113891296,2636.0673851905212
./ours_GS_rpe.zip,0.4694724936701035,0.14750975972892713,0.07682147324084083,0.44569641360183687,0.0,43.38677685011008,2705.6846883122444
./ours_rpe.zip,0.4713351106186435,0.14823201579402953,0.07682135112658833,0.4474193290365622,0.0,41.106452483891886,2727.1967110971887
./rgbdvo_rpe.zip,2.1735909645742146,0.20872444850312594,0.07821023672830861,2.163546113646698,0.0,163.28387476643223,57997.93353537689
