,rmse,mean,median,std,min,max,sse
./ColorICP_rpe.zip,2.186152962152626,0.8464477556132071,0.6005459174490998,2.0156366167903537,0.054901454559905,28.347608856170712,2155.448413041844
./gradslam_rpe.zip,1.8251249663592062,0.7326475699246209,0.5390333285110352,1.6716185812293551,0.0590636483081757,24.111772033989233,1502.3175954152898
./ours_rpe.zip,2.425660680059085,0.9298995411808958,0.6716105248494726,2.240338496320648,0.08912687382309605,31.31084982239423,2653.6072103879014
./ours_US_rpe.zip,2.425660680059085,0.9298995411808958,0.6716105248494726,2.240338496320648,0.08912687382309605,31.31084982239423,2653.6072103879014
./rgbdvo_rpe.zip,6.34547993099112,1.2829509313055825,0.752679536384484,6.214430984609388,0.10941875014063411,124.65353997331462,18159.567115129594
