,rmse,mean,median,std,min,max,sse
./ColorICP_rpe.zip,0.46875816287263955,0.36217897164535895,0.30797960849935013,0.29759134355293726,0.010084252195589706,6.683097545123495,297.7398616769369
./gradslam_rpe.zip,0.613471734786697,0.5128490651460348,0.43330384765710345,0.33665027218322224,0.02378576956690719,2.5113428458627713,509.9509565128803
./ours_GS_rpe.zip,0.4688924520273783,0.41294838048146365,0.38369521913033544,0.22211205871357728,0.014440965605007055,2.203790737761896,297.91047827497505
./ours_rpe.zip,0.46342217555207105,0.40902426082289256,0.3791865681961792,0.21785147888343773,0.012069813098828765,2.252126833961704,290.9999528350767
./rgbdvo_rpe.zip,16.530984042476835,2.724005902837665,0.4406305306455438,16.305006140873704,0.033567625727654024,179.84913948215467,370285.50227410515
