,rmse,mean,median,std,min,max,sse
./gradslam_ape.zip,1.412272877972858,1.2730683323087972,1.2924190665662412,0.6114014255219209,0.1390393976009524,2.8215837747682304,14093.240742006785
./ours_ape.zip,1.2060733065782434,1.0732585512853405,0.9218697023796786,0.5502080542244628,0.20108044470347358,2.6375313388806365,10278.294192059519
./ours_GS_ape.zip,1.2052015993657508,1.0753386037217973,0.9420258998797537,0.5442038059949776,0.15999897149570527,2.923295738500295,10263.441984873854
./rgbdvo_ape.zip,1.4734121937256384,1.3614922018592548,1.2442122799962054,0.563278329865295,0.35107428244237987,2.883878036494822,15339.886718848666
