,rmse,mean,median,std,min,max,sse
./ColorICP_rpe.zip,0.08174504650202823,0.008261427990642226,0.001104536101718694,0.08132651126892258,0.0,4.622303782100801,25.61975657429031
./gradslam_rpe.zip,0.08266908443151848,0.007852737485581369,0.001104536101718605,0.08229527346529736,0.0,4.609438905000713,26.202236614538364
./ours_GS_rpe.zip,0.07600574678733545,0.0040478560129886135,0.0011045361017186497,0.07589788143550956,0.0,4.617117368963548,22.14853317038192
./ours_rpe.zip,0.07793486935779374,0.0041374864865194655,0.0011045361017186027,0.07782496429417907,5.551115123125782e-17,4.620634024155938,23.28711736620399
./rgbdvo_rpe.zip,0.09040465278245503,0.003680881970913676,0.0010723805294763598,0.09032968699509844,5.551115123125781e-17,4.607663365594148,31.335286772242114
