,rmse,mean,median,std,min,max,sse
./ColorICP_rpe.zip,0.4953504962859904,0.18881995383971908,0.12471872998410154,0.4579510227117563,0.006931116136297947,6.726445160504327,54.4726093459125
./gradslam_rpe.zip,0.35528458736563034,0.18985298520092736,0.14970219093138373,0.3003048151959316,0.010453788121271176,4.255732645916416,28.022424640343704
./ours_rpe.zip,1.4185285991390633,0.54435708654365,0.4104730855859655,1.3099231843528623,0.00784456829347926,19.62447295649905,446.7135918197462
./ours_US_rpe.zip,1.4185285991390633,0.54435708654365,0.4104730855859655,1.3099231843528623,0.00784456829347926,19.62447295649905,446.7135918197462
./rgbdvo_rpe.zip,2.049859867036098,0.6986089695005495,0.4851878032904232,1.9271406233636996,0.08751053341391417,28.859946821565664,932.8274553357253
