,rmse,mean,median,std,min,max,sse
./gradslam_rpe.zip,1.7830607378745615,0.28315294536778884,0.10439729626193196,1.7604346067035044,3.531125038440125e-31,125.17517418880387,22461.794028320164
./ours_GS_rpe.zip,1.5376633901195558,0.19260947736535194,0.10566814022082419,1.5255524542089698,1.4559201510751862e-30,126.84089276878558,16704.547474783165
./ours_rpe.zip,1.5399830326982193,0.1919837334183787,0.10522393507200212,1.5279692363071795,1.7388774191979298e-30,126.82365669047624,16754.984790153732
./rgbdvo_rpe.zip,28.76907560712621,7.667042724659225,0.10625143703002514,27.72861639438208,0.0,179.9188644771998,5847415.860253567
