,rmse,mean,median,std,min,max,sse
./ColorICP_ape.zip,0.13749714423374665,0.129408393352346,0.13802690659914973,0.04646431321347839,0.02970995076422594,0.2761867613997233,21.476607867886987
./gradslam_ape.zip,0.2635918298461319,0.2430452913222051,0.233875837676233,0.102027639038334,0.040174191562341297,0.4526352092654848,78.93002153721412
./ours_ape.zip,0.1023947893562998,0.09119864924534153,0.09639575217615297,0.04655640947438031,0.0025403202538763717,0.21452206836719728,12.141274363517724
./ours_GS_ape.zip,0.07915128416631184,0.07115396057696932,0.06627152608110329,0.03467044388794788,0.0022354001708839244,0.1676714897091693,7.254784059234094
./rgbdvo_ape.zip,0.09086377902673094,0.08627381154960094,0.08767073022166641,0.028514132982128897,0.026403616406123622,0.17445667014818672,9.379073121125117
