,rmse,mean,median,std,min,max,sse
./ColorICP_rpe.zip,0.030952091593890778,0.01793367382705431,0.010371480400417715,0.02522727327916022,9.999999999990386e-05,0.5599240163174611,2.0703070958931016
./gradslam_rpe.zip,0.03161855393725407,0.018991947740002353,0.012142297952988023,0.025279218226125277,9.999999999989177e-05,0.5653667627626674,2.16042291161246
./ours_GS_rpe.zip,0.026466274265281805,0.014310625335420931,0.007657290408263702,0.022263640223340084,0.0001000000000001306,0.5566306513609635,1.51370199840134
./ours_rpe.zip,0.02631008417129748,0.013093838372696186,0.005042139510551597,0.02282042781742856,6.661338147750936e-16,0.5383276406000694,1.4958885633867385
./rgbdvo_rpe.zip,0.04849699280418787,0.020206969374636525,0.011006361796706454,0.044086695269003225,5.609962191705139e-07,1.6915348874015965,5.082581910177861
