{
	"class_name" : "PinholeCameraParameters",
	"extrinsic" : 
	[
		0.95729127671607106,
		-0.097218497696471534,
		-0.27229024078904501,
		0.0,
		0.19824220280589455,
		-0.46482767040397072,
		0.86292251439714118,
		0.0,
		-0.21046006877785992,
		-0.88004761265084908,
		-0.42570266491714587,
		0.0,
		0.026427690620746347,
		0.66118526142988721,
		7.9316274665377158,
		1.0
	],
	"intrinsic" : 
	{
		"height" : 1080,
		"intrinsic_matrix" : 
		[
			935.30743608719376,
			0.0,
			0.0,
			0.0,
			935.30743608719376,
			0.0,
			959.5,
			539.5,
			1.0
		],
		"width" : 1920
	},
	"version_major" : 1,
	"version_minor" : 0
}