,rmse,mean,median,std,min,max,sse
./gradslam_rpe.zip,0.0058246610770448315,0.004241468563214529,0.0034160981320580965,0.00399206977515473,2.2204460492503136e-16,0.11742486881172137,0.15870899342689926
./ours_GS_rpe.zip,0.003886093891771472,0.0031064606573307438,0.002817800560721339,0.002334872142135365,5.087681048627603e-16,0.0836185029903766,0.07064587299143406
./ours_rpe.zip,0.003757139329540236,0.0030996060597037085,0.00279785074751252,0.002123331866719402,2.4825341532472736e-16,0.03893216121176783,0.06603509681470213
./rgbdvo_rpe.zip,0.00915968120295628,0.004905360789886118,0.003749666651850422,0.007735450553189416,2.558937633260453e-16,0.36281997867737614,0.39248307606274035
