,rmse,mean,median,std,min,max,sse
./ColorICP_rpe.zip,0.46925174290733634,0.33991401862371284,0.25983739217995017,0.32350526759954173,0.01145299239084462,5.843208169391507,367.2889266335836
./gradslam_rpe.zip,0.4721969653840998,0.33214454359640744,0.2481466075006756,0.3356336935962881,0.011452992390844617,5.843208169391505,371.9139168287452
./ours_GS_rpe.zip,0.45189334344891907,0.3327963877215342,0.263561861346182,0.30570272843555224,0.011452992390844623,5.843208169391503,340.6182665475425
./ours_rpe.zip,0.4518941479292046,0.33319287618779814,0.2638243717553206,0.30527172844920386,0.011452992390844617,5.843208169391503,340.61947931568
./rgbdvo_rpe.zip,25.25033719848134,5.645479404294757,0.34396475294271994,24.611137538372628,0.011452992390844626,179.38774822433882,1063482.6537665336
