,rmse,mean,median,std,min,max,sse
./ColorICP_ape.zip,0.30863240006518405,0.2678025524818711,0.24528902093390514,0.1534136605853289,0.030776322420578803,0.6513501566511948,343.86678971568494
./gradslam_ape.zip,0.2718908546918818,0.24592997565144475,0.21276056970568713,0.11594431396649751,0.0832562957838708,0.5474914233950336,266.8679390829459
./ours_ape.zip,0.11497175671808192,0.09886583212391462,0.0809358848101566,0.05868604673419179,0.004649172256606204,0.26249443986938514,47.71880248265895
./ours_GS_ape.zip,0.12619760237098399,0.11456923832685982,0.11724023911197246,0.05291242267547557,0.024149752865331997,0.21654679164005944,57.492263787507795
./rgbdvo_ape.zip,0.3607144037758665,0.30403228263681364,0.28233142164211705,0.19411144274881767,0.02562542344964789,0.8804227574893958,469.71472073987763
