,rmse,mean,median,std,min,max,sse
./ColorICP_ape.zip,0.19063055128551326,0.16066103789494834,0.1412072194860782,0.10260622781262686,0.03820490286736302,0.4368604204040167,14.208942769616712
./gradslam_ape.zip,0.15694181862788875,0.1429723087011754,0.12406020348082368,0.06472753184607719,0.03583303197922577,0.32437508011980415,9.630617163783588
./ours_ape.zip,0.19375862284351208,0.16624171257432216,0.1385737250275452,0.09952937720377243,0.019190767655765058,0.44176606475536273,14.679079935149815
./ours_US_ape.zip,0.19375862284351208,0.16624171257432216,0.1385737250275452,0.09952937720377243,0.019190767655765058,0.44176606475536273,14.679079935149815
./rgbdvo_ape.zip,0.204562800143512,0.17259856628550577,0.14845081000340882,0.10979833386141302,0.023965756156622883,0.45319762624487125,16.361762228198785
