,rmse,mean,median,std,min,max,sse
./ColorICP_rpe.zip,0.001196194360811321,0.0008370340572963121,0.0004690415759824817,0.0008545495513794847,5.5511151231257796e-17,0.00595492413498143,0.001941705447571544
./gradslam_rpe.zip,0.0006471783023648232,0.00047636350630961565,0.00036055512754628135,0.0004380839701566621,4.857225732735059e-17,0.0056299850914352375,0.0005683655476053123
./ours_GS_rpe.zip,0.0016184891283183458,0.0010943068270008423,0.0005385164807138602,0.0011924762584068613,1.1102230246251559e-16,0.0067105482134747875,0.0035546710783637098
./ours_rpe.zip,0.0010671463518559308,0.0007542557329124564,0.0004358898943537626,0.0007549169660619076,5.551115123125783e-17,0.005250620905572357,0.0015453534133311759
./rgbdvo_rpe.zip,0.0016666914603255978,0.0011475784811329633,0.0006037281997287623,0.0012086869129608521,8.326672684688675e-17,0.0071430659443711825,0.0037695565952625258
