,rmse,mean,median,std,min,max,sse
./ColorICP_ape.zip,0.2562341932629822,0.23844724940183903,0.21972793924985937,0.09380229767883343,0.028200559561919088,0.43983767660325646,140.43810228406386
./gradslam_ape.zip,0.23910802010476728,0.2078937960798228,0.1714182540643295,0.1181220336344699,0.03668115138808054,0.6554105112267585,122.29228825054422
./ours_ape.zip,0.10758305709029942,0.10152401171180028,0.10596725577866593,0.03559479201845211,0.015041368456210668,0.18932495735637325,24.757030215821597
./ours_GS_ape.zip,0.19532355335407728,0.18103477154046035,0.15219931128645744,0.07333281658409421,0.05829054144783334,0.34726171512695475,81.60561036851213
./rgbdvo_ape.zip,0.3807500731606554,0.32214808651445087,0.28747853998089085,0.20295622327714508,0.02864193295468132,0.8018095762567937,310.0921523551353
