,rmse,mean,median,std,min,max,sse
./ColorICP_ape.zip,1.7794644987276003,1.603361660651554,1.468693956696187,0.7718324218277962,0.35172982368705213,3.561640882359932,6845.959816625303
./gradslam_ape.zip,1.8406474384289717,1.6584768993031307,1.4756451682735305,0.7983967479098402,0.4673653540166429,4.031662367838538,7324.819229990682
./ours_ape.zip,0.554918123275104,0.4837645490381973,0.43294171026345707,0.27185655157276073,0.13448276562189912,1.2636331104253666,665.7535750916716
./ours_GS_ape.zip,1.5239850303715137,1.3304753634540247,1.1850068189846286,0.7432130784898392,0.3148689530246958,3.26263997064947,5021.310665985954
./rgbdvo_ape.zip,1.7762405270008588,1.5640004193121106,1.484595109078139,0.8419816495339023,0.1155457614589115,3.741383753162543,6821.175745901744
