,rmse,mean,median,std,min,max,sse
./ColorICP_rpe.zip,0.00520284865065725,0.004062023536216234,0.003663331816802604,0.00325109195084841,0.00014142135623730414,0.07791978406878522,0.04263467367859239
./gradslam_rpe.zip,0.004527924899584266,0.0038832578143727543,0.0035777087639994733,0.0023286074472499913,0.00014142135623715525,0.020872294082835304,0.03229081363663341
./ours_GS_rpe.zip,0.003450887941438574,0.003033835964770528,0.003031525798756506,0.0016445263522458483,0.0001414213562371761,0.013062087201193711,0.018875174721220363
./ours_learning_rpe.zip,0.0056257037193368775,0.004766517265331715,0.004101817187324483,0.002988119056706984,0.00034823268635135685,0.019572282367364982,0.024939051362155486
./ours_rpe.zip,0.0035385435635932744,0.0031145637015607577,0.0031357719839268795,0.0016795188300127936,0.0001347096043545141,0.011822946968384889,0.019846245524044116
./rgbdvo_rpe.zip,0.005245288305561142,0.00447629219014856,0.003959709015036713,0.0027342014623782745,0.00014142135623732452,0.021190607240695644,0.04333305281831896
