,rmse,mean,median,std,min,max,sse
./ColorICP_rpe.zip,1.23462229438038,0.7312857985150546,0.3936432038642794,0.9947428263984982,0.025276668404742467,8.219221403988469,2021.211470169704
./gradslam_rpe.zip,1.1381822613436403,0.6786292846669406,0.3673649425109103,0.9137402005109327,0.025276668404742464,7.718766911733694,1717.7784484094902
./ours_GS_rpe.zip,0.5228921963858995,0.42429895457911354,0.3553195960691041,0.30559228750794964,0.022899861723205153,2.786612226667112,558.5893967913147
./ours_rpe.zip,0.517309777231616,0.4220305856470995,0.3579398901964975,0.2991648214576548,0.022899861723205163,2.78698335845342,546.7260156804837
./rgbdvo_rpe.zip,13.446068135755194,2.486516410913749,0.47977444771179967,13.214158484354114,0.02527666840474246,171.39950774705733,239736.4882608782
