,rmse,mean,median,std,min,max,sse
./ColorICP_rpe.zip,0.022231777759611472,0.004978997188472654,0.0022238789850196113,0.021667060930129323,0.00011406607220125757,0.4222224708566499,0.5940908347080118
./gradslam_rpe.zip,0.02348621242615833,0.010578090840933184,0.007950008693407189,0.020969171855073326,0.00016353529757865592,0.429394868290172,0.6630258133002139
./ours_GS_rpe.zip,0.02096368445619156,0.0048790738370374466,0.002432806672384159,0.020388003935439686,0.00016832539234634653,0.4205229815274865,0.5282502313064786
./ours_rpe.zip,0.021082063010748636,0.004655062646393894,0.0021576634374577044,0.020561706460002882,9.98205905402455e-05,0.419514550472382,0.5342329637085893
./rgbdvo_rpe.zip,0.03447454814362726,0.011667732185432395,0.00836673616321994,0.03244007545238295,0.000434827561568619,0.7772508776240042,1.4285703525881428
