,rmse,mean,median,std,min,max,sse
./ColorICP_ape.zip,0.1647296020602874,0.15926131045469077,0.1435070919808427,0.04209129110867511,0.08292955112837662,0.24760063249123077,20.324745504410537
./gradslam_ape.zip,0.2503923076711311,0.23057837118022445,0.22993792388291798,0.0976213218756486,0.03581303485178097,0.5523694320586251,46.9595344979149
./ours_ape.zip,0.33464055454422026,0.30545878608784444,0.312500680034407,0.13667198230582506,0.07221003069368669,0.6669746593472322,83.87624125850178
./ours_US_ape.zip,0.33464055454422026,0.30545878608784444,0.312500680034407,0.13667198230582506,0.07221003069368669,0.6669746593472322,83.87624125850178
./rgbdvo_ape.zip,0.48712375985970235,0.4372902577253167,0.395144799076768,0.2146317495581191,0.09639235224941062,0.8768212629363258,177.72987850746986
