,rmse,mean,median,std,min,max,sse
./gradslam_rpe.zip,0.04431044452998208,0.019145159944079126,0.008340731565428293,0.03996096026324001,0.00020000000000001868,0.7520685441059367,5.2010876447837955
./ours_GS_rpe.zip,0.014473548812408591,0.009094959029526051,0.006332628382280359,0.011259011301016473,0.0003795357521766707,0.1768551217365983,0.5549220967314863
./ours_rpe.zip,0.014698267539300749,0.008593001666314336,0.005677077446947155,0.011924738614308537,0.0005234217049115319,0.18787376565818678,0.5722874928720276
./rgbdvo_rpe.zip,0.043208671632773955,0.01101011277960804,0.005394425081604709,0.041782373327148334,0.000200000000000024,1.0015370784801578,4.945654667008276
