,rmse,mean,median,std,min,max,sse
./ColorICP_rpe.zip,0.34299744764133566,0.23526490272719996,0.17913501054869901,0.24959502125088945,0.01275995931541629,5.331948085340606,413.7653750441518
./gradslam_rpe.zip,0.3918545206460963,0.2874416685780287,0.23428438858339024,0.26632170868305244,0.004351491435070374,7.956120402556802,540.0352281387001
./ours_GS_rpe.zip,0.35822832824081524,0.2544509697975761,0.20069528992350333,0.2521551885710114,0.006097779845760892,5.87886164995732,451.32794113735406
./ours_rpe.zip,0.3576665360249313,0.25462951368709036,0.2011095137024274,0.2511755596222478,0.008957534772401965,5.450917131632486,449.91345943912245
./rgbdvo_rpe.zip,5.456492825323272,0.7294110418402937,0.4133746193416891,5.407520086402434,0.028061308182760602,133.63265815637567,104712.74517201287
