,rmse,mean,median,std,min,max,sse
./ColorICP_rpe.zip,3.2991351119662182,1.4519673026030007,1.0355757050476337,2.9624455166602,0.030972855938488142,78.37864380402468,64097.59845599218
./gradslam_rpe.zip,2.9886024150703507,1.309256075035579,0.8999717109102694,2.6865578209572867,3.033276262660127e-30,70.61356015982318,52599.04274430056
./ours_rpe.zip,3.3073945130201725,1.5026602328405705,1.0914076491694749,2.9463317344446245,0.05189003407707929,75.68078480966327,64418.937498947766
./ours_US_rpe.zip,3.3073945130201725,1.5026602328405705,1.0914076491694749,2.9463317344446245,0.05189003407707929,75.68078480966327,64418.937498947766
./rgbdvo_rpe.zip,7.986383949667911,1.9361120187322738,1.1323500713943517,7.748148091152729,0.059803451909868084,169.08992342874723,375614.13307542144
