,rmse,mean,median,std,min,max,sse
./ColorICP_ape.zip,0.367269240002818,0.32384902938372784,0.2758981735109321,0.173229618770766,0.1110934894838798,0.8018432458471905,162.26869366665377
./gradslam_ape.zip,0.7136045670420801,0.669669181764257,0.601831492259147,0.24652518146936822,0.27790134932047983,1.349467876155636,612.6054681582875
./ours_ape.zip,0.24355889535598726,0.1957467226766049,0.14213284285804564,0.14492810655078986,0.03730122391261021,0.6269728135060678,71.36308541495559
./ours_GS_ape.zip,0.22480350565889493,0.18091093553312093,0.12430561820225922,0.1334460548725955,0.0623239971932842,0.53734221401249,60.795549236304154
./rgbdvo_ape.zip,0.7516765868980352,0.679670981964401,0.6361406624417573,0.32103745508308873,0.08989241171836845,1.4028172841106634,679.7162826226875
