,rmse,mean,median,std,min,max,sse
./ColorICP_ape.zip,0.5570641852564207,0.48029338332418675,0.4064621902701532,0.2822034238460007,0.11094353584123556,1.2136835176430505,3809.8048582440224
./gradslam_ape.zip,1.4236784210786966,1.3327441517246292,1.3598667222912848,0.5006528464804022,0.4733099805113066,2.3329826712132338,24883.76324806227
./ours_ape.zip,0.917789988023328,0.8441911916529371,0.7841165721860521,0.3601106691719292,0.2884539100561423,1.5815728578283907,10341.38929939642
./ours_GS_ape.zip,0.9728993315246118,0.9019065753883899,0.8937838245467963,0.36482549054612795,0.3359997349346326,1.693279554481701,11620.586982643286
./rgbdvo_ape.zip,1.3993951011892376,1.3048324116416725,1.3277936925488203,0.5056866883375644,0.23397802566535397,2.5384314567064536,24042.130732626625
