,rmse,mean,median,std,min,max,sse
./ColorICP_ape.zip,0.1738626272913944,0.15945038976246,0.1580598733415941,0.06930935271134704,0.053233334426209214,0.5965652504988035,6.589750470769258
./gradslam_ape.zip,0.2804922383264834,0.24248631395624407,0.23090108153480834,0.14098327314016582,0.047050541524404306,0.6459445553790586,17.151345275985367
./ours_ape.zip,0.2876593786226991,0.231938975090993,0.24298755158574936,0.17015354813619693,0.04428803783363476,0.787054592532232,18.039046147892222
./ours_US_ape.zip,0.2876593786226991,0.231938975090993,0.24298755158574936,0.17015354813619693,0.04428803783363476,0.787054592532232,18.039046147892222
./rgbdvo_ape.zip,0.3014743330117154,0.2408820587117394,0.22223069779215898,0.18128046573101256,0.02246783848097865,0.8613013591463969,19.81331661533919
