,rmse,mean,median,std,min,max,sse
./ColorICP_rpe.zip,3.8211143259001488,0.9972300928581639,0.6007620192374402,3.688691750946052,0.09218865447558991,71.22023610498557,7592.475639631662
./gradslam_rpe.zip,3.046296360196124,0.8406674448851383,0.49710387812791185,2.9280026914698087,0.048952040083798255,54.2415941099314,4825.559187354959
./ours_rpe.zip,4.028671089546831,1.0799469564878952,0.6553483776812888,3.8812247189415587,0.10925814269342991,69.58408837964238,8439.699188830236
./ours_US_rpe.zip,4.028671089546831,1.0799469564878952,0.6553483776812888,3.8812247189415587,0.10925814269342991,69.58408837964238,8439.699188830236
./rgbdvo_rpe.zip,8.33107531624664,1.6117361280831553,0.8016824173290458,8.173684761379384,0.10016186612219327,133.4573087742517,36091.5442809865
