,rmse,mean,median,std,min,max,sse
./ColorICP_rpe.zip,2.5170850979826707,0.8934532415816918,0.6266837027801235,2.3531805488728654,0.043018260727223576,35.89928541194909,3357.9302169578086
./gradslam_rpe.zip,2.097814545531246,0.7252093667465646,0.4983023170209997,1.968475867727495,0.07189134929986367,33.23385427704601,2332.4377097445076
./ours_rpe.zip,2.9711187911186614,1.0512276824048787,0.7463577433227838,2.7789327502989494,0.04081792890363834,39.318215043993035,4678.599841597361
./ours_US_rpe.zip,2.9711187911186614,1.0512276824048787,0.7463577433227838,2.7789327502989494,0.04081792890363834,39.318215043993035,4678.599841597361
./rgbdvo_rpe.zip,12.761288467554657,2.5319440323625773,0.8976456459959877,12.507587408014665,0.046155660016859335,138.41831703100445,86310.75617663606
