,rmse,mean,median,std,min,max,sse
./ColorICP_rpe.zip,3.1647213773804337,1.1134813095348346,0.7351237791130153,2.962367426529886,0.15603605331041728,43.556912830780234,2634.066347266011
./gradslam_rpe.zip,2.6624947515204,0.9099018034739705,0.5766200525869055,2.5021904423741392,0.08237830123604209,37.65733738222544,1864.3749933927766
./ours_rpe.zip,3.5317664911913393,1.2902519786786375,0.9039491586560492,3.2876472407814448,0.15560941657483945,49.482446541078716,3280.497506203422
./ours_US_rpe.zip,3.5317664911913393,1.2902519786786375,0.9039491586560492,3.2876472407814448,0.15560941657483945,49.482446541078716,3280.497506203422
./rgbdvo_rpe.zip,29.038963191223782,8.184250328459653,1.174790404561721,27.86179157524436,0.10803482945130509,168.61960390966289,221777.74378718867
