,rmse,mean,median,std,min,max,sse
./ColorICP_ape.zip,0.17095490957581455,0.15558625801667325,0.15126671372878822,0.07084135391453283,0.013775466176942383,0.30478673708873033,14.05750451298404
./gradslam_ape.zip,0.20668330446661912,0.19493165554904074,0.19735469976747522,0.06869962161577985,0.03704100882263392,0.31528538076455037,20.547352394061008
./ours_ape.zip,0.2793603074610655,0.2470858737972863,0.1965217856084494,0.1303485801785833,0.07336905402843605,0.49252600814757236,37.538289246060444
./ours_US_ape.zip,0.2793603074610655,0.2470858737972863,0.1965217856084494,0.1303485801785833,0.07336905402843605,0.49252600814757236,37.538289246060444
./rgbdvo_ape.zip,0.2810845435075415,0.2549672166327492,0.23139683516910575,0.11832260579192691,0.05695485830464072,0.487968032991624,38.00309840804348
