,rmse,mean,median,std,min,max,sse
./ColorICP_rpe.zip,0.0466113933489562,0.017795063256446208,0.007366321547286854,0.04308082768042179,4.965068306494546e-16,0.866767062205795,3.465332073940133
./gradslam_rpe.zip,0.048206468997726966,0.0241801898302503,0.013116696982846524,0.041703501927318656,2.4825341532472726e-16,0.8249027029908633,3.706562526899954
./ours_GS_rpe.zip,0.036033903003683414,0.010522283387367895,0.0044626650101627675,0.03446336776919496,0.00010000000000003103,0.82359461655836,2.071015254257789
./ours_rpe.zip,0.03911459263978943,0.010362326076726002,0.0033923655601223604,0.037717019442902344,9.999999999995315e-05,0.8598887850014287,2.440272415015788
./rgbdvo_rpe.zip,0.11688540445836255,0.02042504395033029,0.008559205570612245,0.11508699038128539,1.2412670766236366e-16,3.487920532714765,21.791205451755026
