,rmse,mean,median,std,min,max,sse
./ColorICP_rpe.zip,0.1301132950966538,0.10179524380771968,0.07741709200204962,0.08103824960496014,8.827812596100324e-31,0.871795200532058,22.9732901941534
./gradslam_rpe.zip,0.1339570737487075,0.1008737804578234,0.07372019657234714,0.08814180633197564,2.118675023064076e-30,1.266885675447096,24.350683253128707
./ours_GS_rpe.zip,0.16549741555422376,0.12497895840386374,0.09142874455263238,0.10848803856376388,1.1166397824320429e-30,1.3017663329857494,37.16740841130792
./ours_rpe.zip,0.16934815288826774,0.1265483244486769,0.09321974268322944,0.11253585413502892,2.5463304772341267e-30,1.3038121673335155,38.917127375208615
./rgbdvo_rpe.zip,0.34181379404030404,0.25441784621160934,0.18078285851766854,0.22827227016278887,3.25553642761588e-30,1.3264983422297665,158.54736091348056
