,rmse,mean,median,std,min,max,sse
./ColorICP_rpe.zip,0.004586684344312521,0.0037577512008419825,0.0030215889859476863,0.002630015054506763,0.0001000000000002203,0.037906632958149125,0.10449412315375395
./gradslam_rpe.zip,0.004432673604940502,0.0037094937631428353,0.0030265491900843904,0.0024265719254002423,0.00010000000000018576,0.023094169145239863,0.09759457279517925
./ours_GS_rpe.zip,0.003285495544038736,0.0028626722373147734,0.0026419689627246038,0.0016123239846896839,6.851416857096295e-05,0.01802932831884166,0.053616186977485304
./ours_rpe.zip,0.0035307096517476293,0.0030514718172254527,0.0027415042363493473,0.0017760716183821703,0.00010000000000019897,0.025787943474178895,0.061918178173436186
./rgbdvo_rpe.zip,0.007748779971358491,0.005814277818480566,0.003630623304364857,0.005122281180690041,0.00010000000000013062,0.05117777015548103,0.2982365167181631
