,rmse,mean,median,std,min,max,sse
./ColorICP_rpe.zip,0.0743465347995133,0.017430277927078158,0.011717474414170408,0.07227442596160866,0.0008561775534662579,1.427361210731047,3.4435747084611354
./gradslam_rpe.zip,0.07627234109493497,0.0200636808527549,0.013048917852811086,0.07358613134783552,0.0007891657581266266,1.5360019693627764,3.6242838200316116
./ours_rpe.zip,0.07612248492366779,0.01783898775743094,0.011500608686445504,0.0740027244548757,0.0010659675187589554,1.4014858190163717,3.610056178924361
./ours_US_rpe.zip,0.07612248492366779,0.01783898775743094,0.011500608686445504,0.0740027244548757,0.0010659675187589554,1.4014858190163717,3.610056178924361
./rgbdvo_rpe.zip,0.049540412012385085,0.011149429078729244,0.007175590220445679,0.04826947952459458,0.0007337201778401094,0.8938400560793055,1.5289992591283292
