,rmse,mean,median,std,min,max,sse
./ColorICP_rpe.zip,0.0018537568829943977,0.0016418968822909993,0.0015297261862869823,0.0008605749294350851,4.0038909503985205e-05,0.009382279283314414,0.01240202022372802
./gradslam_rpe.zip,0.002587944573217544,0.002296831195604863,0.0021035644661423097,0.0011924862988489516,9.969959618858958e-05,0.008857536527176127,0.024171122724592507
./ours_GS_rpe.zip,0.0018117607380149223,0.001580623850132785,0.001396348597942442,0.0008854971576486208,8.402036153682057e-05,0.006715072871735183,0.011846459391270865
./ours_rpe.zip,0.0018201483227515355,0.0015830476136690335,0.0013992854953128661,0.0008982762212549133,8.916106274502319e-05,0.008075048229878496,0.011956400159786159
./rgbdvo_rpe.zip,0.003013230709720116,0.002140570910466132,0.0019484437159752717,0.0021207346574398664,0.00010000000000012905,0.07843916285116169,0.03276812954979142
