,rmse,mean,median,std,min,max,sse
./ColorICP_rpe.zip,2.0007851326116133,0.6013432547800294,0.26275296356548117,1.9082786580607751,0.005025466835953261,55.237910000874955,8838.935652310314
./gradslam_rpe.zip,1.9307000304216095,0.7072706236793185,0.44852919176951694,1.796488483778917,0.011739423263613774,58.49201203552715,8230.546557293768
./ours_GS_rpe.zip,1.5847123074685834,0.5511128680176542,0.2325829325198705,1.4857953103128834,7.0622500768802555e-31,43.88816938846997,5544.979319152822
./ours_rpe.zip,1.7581426337581516,0.5575424578103575,0.22691806494799416,1.6673967519390327,1.579167124600737e-30,47.06387400831837,6825.072669568815
./rgbdvo_rpe.zip,34.88803344938293,11.031144889789775,0.4695689901086907,33.09816793095544,0.018442051251482336,179.9226348827869,2687522.130547299
