,rmse,mean,median,std,min,max,sse
./ColorICP_ape.zip,1.7701421675377838,1.6717644665192177,1.5967285002592035,0.5818993570876994,0.7025139609116812,2.667023615535137,15613.748610490795
./gradslam_ape.zip,1.6655557473924412,1.4964510821935533,1.3347424463623832,0.7312387477929055,0.32680015396129614,3.1398381785924534,13823.220447249541
./ours_ape.zip,0.2533566585464684,0.20923536203887869,0.1712352097460808,0.1428641302157093,0.04246061827209974,0.535713954434367,319.85675900985177
./ours_GS_ape.zip,0.7417394494183137,0.6503108000069184,0.5823898548705806,0.3567538005652426,0.1356154839553289,1.3593910422049593,2741.534038132918
./rgbdvo_ape.zip,1.6858528998938624,1.5681280265904547,1.4605553637232749,0.6189301190781317,0.5317101640380021,2.6745560071419208,14162.184300401357
