,rmse,mean,median,std,min,max,sse
./ColorICP_rpe.zip,0.0009267964363065287,0.00033839467562593297,0.000250549969442809,0.0008628097576282392,5.1753311872511246e-05,0.012976285668080722,0.00019068726282580687
./gradslam_rpe.zip,0.0009471027366238898,0.00033236820277530787,0.0002446211752756277,0.0008868680688266849,3.851603502003159e-05,0.013345286133935033,0.0001991347978059424
./ours_rpe.zip,0.0008910690505193018,0.0003322278437944947,0.0002483285410678378,0.000826818427831063,5.1564904156188745e-05,0.012431942836708102,0.00017626889972012817
./ours_US_rpe.zip,0.0008910690505193018,0.0003322278437944947,0.0002483285410678378,0.000826818427831063,5.1564904156188745e-05,0.012431942836708102,0.00017626889972012817
./rgbdvo_rpe.zip,0.001585603675633482,0.0003689391466268924,0.00023694771735387573,0.0015420839543515874,1.724583725869934e-05,0.023186523255508375,0.0005581388615924946
