,rmse,mean,median,std,min,max,sse
./ColorICP_ape.zip,0.022183656803881607,0.019676462959978762,0.016476422620508163,0.010244580741884283,0.0043431902997232655,0.05556656561134623,0.7042160343743282
./gradslam_ape.zip,0.02259988058532397,0.019993364800868704,0.016276332066271448,0.010536601274143756,0.00288215469835383,0.056767478948906956,0.7308898361358627
./ours_ape.zip,0.0226387900373075,0.020474602970424822,0.018732665392790386,0.00965947449692603,0.003570046047349246,0.05650115382810708,0.7334086993395628
./ours_GS_ape.zip,0.021484497995190362,0.01780568291187237,0.014293649250604426,0.012022533432983049,0.001041199771153292,0.05149861206538839,0.6605262090247397
./rgbdvo_ape.zip,0.02225536890887178,0.019246914649097766,0.01847055720175328,0.011173975199557344,0.00220176067573943,0.05966761004488819,0.7087763681813366
