,rmse,mean,median,std,min,max,sse
./gradslam_rpe.zip,7.378643523979212,1.586909033589583,0.6514586823689422,7.2059766841887685,0.03246738610896117,154.24441882992696,55043.26843675393
./ours_rpe.zip,1.656817203765643,1.0002346736816898,0.7649262332549132,1.3208231691860526,0.05204470720432113,19.648091773153386,2775.2387224074364
./ours_US_rpe.zip,1.656817203765643,1.0002346736816898,0.7649262332549132,1.3208231691860526,0.05204470720432113,19.648091773153386,2775.2387224074364
./rgbdvo_rpe.zip,58.73927152933615,29.952560716166676,1.0919731863210518,50.52866638197994,0.06994596420851046,179.6056160715192,3488255.3420148483
