,rmse,mean,median,std,min,max,sse
./ColorICP_ape.zip,0.16312792060547318,0.14147800302387284,0.1305688859680876,0.08120771602158619,0.00642550621877855,0.38982243857440013,59.47495580518154
./gradslam_ape.zip,0.4089901468240153,0.3648944255946492,0.29241432605447043,0.18472952760476763,0.10636097856789219,0.9397821109543725,373.85502134505464
./ours_ape.zip,0.08236303467823888,0.07413319733721047,0.06623735073926329,0.03588786053766637,0.008485810727994769,0.16576023944878643,15.161501290948625
./ours_GS_ape.zip,0.09660148747854667,0.08994286616584383,0.09133820562486024,0.03524383930477656,0.015041035260847957,0.16920636134160594,20.856678901156556
./rgbdvo_ape.zip,0.6992260022013155,0.6691957484523796,0.6574802205128114,0.2027166801417521,0.20926028181016623,1.0705326222055465,1092.7294998151601
