,rmse,mean,median,std,min,max,sse
./ColorICP_ape.zip,0.05042190149357597,0.04523848513974729,0.04428197953265339,0.0222676359878803,0.007785077659398722,0.1043196815860335,4.0220264136605035
./gradslam_ape.zip,0.04890064171243125,0.0435466307883357,0.03666749706373747,0.022247779818937975,0.003986094732958248,0.10044036403406606,3.7829935061421365
./ours_ape.zip,0.04815059809681871,0.045218561996816675,0.0430110018082929,0.016545747127930117,0.0048310053197058375,0.08056762670984727,3.667835513582714
./ours_GS_ape.zip,0.04503447979109972,0.03847849685024618,0.032847291598072065,0.023398924124851637,0.0033669819577482342,0.13405638234010486,3.2084611134269614
./rgbdvo_ape.zip,0.05806587761325127,0.050918667386519643,0.04389370314289444,0.027909415160086305,0.005663852087420353,0.13441967438346003,5.3339441982213724
