,rmse,mean,median,std,min,max,sse
./ColorICP_rpe.zip,0.008006703850203833,0.004327695928035477,0.003090664604754648,0.0067363457823462446,0.00011788291390166021,0.1807485607721284,0.22546539711830382
./gradslam_rpe.zip,0.010225266846174225,0.006528453421170618,0.005516552268622057,0.007869903303286224,0.0001771815476465858,0.2857245492484337,0.36772374065942715
./ours_GS_rpe.zip,0.0067940708406626,0.0027826009452874174,0.0020824356142755524,0.006198107014825363,5.085327268674299e-05,0.18552767651807667,0.16234260483379132
./ours_rpe.zip,0.006838837422676655,0.002859886759316882,0.002127147574163074,0.006212144961097307,5.110516535880274e-05,0.19310297998801354,0.16448902538230403
./rgbdvo_rpe.zip,0.03051152282811664,0.005833369317481239,0.004776343870475059,0.029948703272371424,2.009785017563846e-05,1.6851114100063374,3.2741617899473314
