,rmse,mean,median,std,min,max,sse
./ColorICP_ape.zip,0.25927142471181236,0.2479580079946768,0.26238321101815765,0.0757528741593662,0.045396423569713414,0.3945339386834265,35.02249094116044
./gradslam_ape.zip,0.24796148513374383,0.22260478562795313,0.21774090690588063,0.10923372888107817,0.022862788768084043,0.4906288145767013,32.033631915170304
./ours_ape.zip,0.39068549880228737,0.3706548303874391,0.3679927131095356,0.12349152070021173,0.17699051572596047,0.6993018513123135,79.52291782565828
./ours_US_ape.zip,0.39068549880228737,0.3706548303874391,0.3679927131095356,0.12349152070021173,0.17699051572596047,0.6993018513123135,79.52291782565828
./rgbdvo_ape.zip,0.4775372185220179,0.4276994193685929,0.41797931011205613,0.2124029231096267,0.10401960461625902,0.9962091260076243,118.8097752334214
