,rmse,mean,median,std,min,max,sse
./ColorICP_rpe.zip,0.04320787772484886,0.014896972136523091,0.005368072551918899,0.04055861090630626,1.3877787807814457e-17,0.9904246760815156,4.122160900047963
./gradslam_rpe.zip,0.036152649819290075,0.017469415224308112,0.010000990947484873,0.03165175541225047,7.757919228897727e-17,0.7986127991949734,2.885887108415322
./ours_GS_rpe.zip,0.017549270723515392,0.0066233056797738036,0.002673111335294043,0.016251422239284486,2.00148302124336e-16,0.34744621548102655,0.6800130016633336
./ours_rpe.zip,0.019859113787032073,0.006932291108775592,0.0025341608024785443,0.018609882868773738,1.0007415106216801e-16,0.4042550950774321,0.8708007560970826
./rgbdvo_rpe.zip,0.06083386885782852,0.010663326370597057,0.006709321862987077,0.059892011745520855,0.0,2.6440006915829057,8.171277197266946
