,rmse,mean,median,std,min,max,sse
./ColorICP_ape.zip,0.10751549524896128,0.09970069713750768,0.10398540692135624,0.0402411817535766,0.03010810654273231,0.183674240844442,3.479434097307454
./gradslam_ape.zip,0.1095678808832658,0.10153714821267525,0.09158600508942617,0.04117436161116216,0.055078913842147546,0.23959962119568715,3.6135412768961066
./ours_ape.zip,0.12158389188508666,0.1108034512815905,0.1062028796266476,0.05005235209271033,0.022287976801591926,0.2181432836408678,4.449575472543257
./ours_US_ape.zip,0.12158389188508666,0.1108034512815905,0.1062028796266476,0.05005235209271033,0.022287976801591926,0.2181432836408678,4.449575472543257
./rgbdvo_ape.zip,0.12998997072032736,0.11980041386534121,0.11837489888194914,0.05045050371963122,0.011401278928737659,0.2289890083889762,5.08611513884934
