,rmse,mean,median,std,min,max,sse
./ColorICP_rpe.zip,2.1617156637587933,0.9164634207559382,0.6249887287643703,1.9578328348856662,0.08429458754711587,25.94027903733644,1943.9740781510905
./gradslam_rpe.zip,1.8142644911081158,0.7654675380919771,0.4986364449432062,1.6448754031303399,0.05208621468220697,24.407989537181113,1369.2871477774488
./ours_rpe.zip,2.248847253726783,1.0420232817149284,0.7698980250466836,1.9928626272170755,0.024859527928640074,26.4762641856327,2103.84261176731
./ours_US_rpe.zip,2.248847253726783,1.0420232817149284,0.7698980250466836,1.9928626272170755,0.024859527928640074,26.4762641856327,2103.84261176731
./rgbdvo_rpe.zip,6.870685758012597,1.5133672860252263,0.911167044941296,6.701943169182037,0.08005982382782931,107.03377492604362,19637.830278708563
