,rmse,mean,median,std,min,max,sse
./ColorICP_rpe.zip,0.013334963782670085,0.003706396043638938,0.0023959497550409825,0.012809523310912882,0.00014399454494056236,0.19441097038322974,0.09300051850151926
./gradslam_rpe.zip,0.013812400752818425,0.0037649794454946233,0.002428646174641299,0.013289369598722959,0.0001303604005563492,0.20492211846320002,0.09977920281302805
./ours_rpe.zip,0.012685303261631038,0.0037287425986754666,0.0023815263030354658,0.012124908142842566,0.00013993175557206153,0.18239337166180492,0.08415954855308311
./ours_US_rpe.zip,0.012685303261631038,0.0037287425986754666,0.0023815263030354658,0.012124908142842566,0.00013993175557206153,0.18239337166180492,0.08415954855308311
./rgbdvo_rpe.zip,0.012561591359489121,0.003752154453369657,0.002449330051710238,0.011988115550029122,0.00015819338291780138,0.1690156095670634,0.0825260410235001
