,rmse,mean,median,std,min,max,sse
./ColorICP_rpe.zip,0.003644283613272498,0.002640835857219387,0.0019646882704381433,0.0025113321224383674,3.5217877337871745e-16,0.04138246854643674,0.03233875543640831
./gradslam_rpe.zip,0.004082798437791732,0.002926033431641832,0.0019131126469708875,0.002847379749971705,2.0816681711721685e-16,0.025882593456651573,0.04058960690865026
./ours_GS_rpe.zip,0.004492278254561328,0.0033779796407068844,0.002224665582181399,0.0029613877597123883,5.417672226377439e-16,0.02385494184795196,0.049139673136445135
./ours_rpe.zip,0.003858202062393375,0.0029759882022560424,0.0021095023109728717,0.0024554464714771004,2.2377260456559053e-16,0.016729822824063056,0.03624673588061456
./rgbdvo_rpe.zip,0.005550905996907433,0.0026008202107255874,0.0019297404077359237,0.004903905751335789,3.2487068343022356e-16,0.21733723045004735,0.07502857723613458
