,rmse,mean,median,std,min,max,sse
./ColorICP_rpe.zip,0.5650549536833768,0.44201103858382956,0.39017461338669146,0.3520132702785044,0.02519377484927485,9.570049604075221,713.2873829238629
./gradslam_rpe.zip,0.5113823909064861,0.4094892390191569,0.369164726317299,0.3063176665762943,0.025193774849274864,8.097999762637842,584.2176956951089
./ours_GS_rpe.zip,0.629460398448684,0.49789204162626705,0.4354514898493933,0.3851284306571036,0.025193774849274857,8.7328559253955,885.1563584427031
./ours_rpe.zip,0.6375771229908911,0.5004486979373723,0.43628397072004954,0.39503884428512925,0.02519377484927485,9.45819317695224,908.1312490588377
./rgbdvo_rpe.zip,16.645945954598005,2.8925771973631655,0.461826959190459,16.39269696787848,0.025193774849274857,177.8692438276844,619013.5123600704
