,rmse,mean,median,std,min,max,sse
./ColorICP_rpe.zip,0.010747264973611887,0.0060470780198574915,0.0033657765690630233,0.008884624462225812,9.99999999996691e-05,0.14598186129230364,0.153157912051671
./gradslam_rpe.zip,0.010718415227434126,0.006014875989061216,0.003437295371511189,0.008871622840490156,0.00010000000000005427,0.14702291297653905,0.15233674753367926
./ours_GS_rpe.zip,0.005253966930458159,0.004006917134200216,0.0032031234756097807,0.0033983501270470444,9.999999999980673e-05,0.026665304750305707,0.056395316258468824
./ours_rpe.zip,0.00560921198191594,0.0041870657708475804,0.0032619012860599537,0.0037325245194996266,9.999999999988948e-05,0.030585053516121563,0.06427943825563569
./rgbdvo_rpe.zip,0.020869373111151123,0.007531944591452177,0.003466655937037252,0.019462798995101702,9.999999999968297e-05,0.4295612923535599,0.5775137533535322
