,rmse,mean,median,std,min,max,sse
./ColorICP_ape.zip,0.289376209761211,0.2602728124673402,0.24244630076623067,0.12647787895954438,0.032350425568678134,0.5583473466497643,113.5495290919365
./gradslam_ape.zip,0.4848975216503869,0.45649535095381977,0.46304853693798165,0.16351636327975375,0.07634610777668428,0.8660340151987966,318.8303224176442
./ours_ape.zip,0.3523237114463942,0.3226263464459363,0.2878219142709143,0.14157767559297163,0.09968720089460374,0.6347966549095573,168.3229888098229
./ours_GS_ape.zip,0.15730549568603502,0.14811279062522306,0.14047933884709302,0.05298698166755703,0.03303149592517089,0.2814405490068166,33.55424572742757
./rgbdvo_ape.zip,0.9392387877389068,0.8619539482585892,0.8403486675552638,0.3731017173301143,0.05642144461939507,1.6641805916479167,1196.2218425332485
