,rmse,mean,median,std,min,max,sse
./ColorICP_rpe.zip,0.002811090176503384,0.0018900607517326386,0.0011741178915242359,0.0020808407760310923,3.188872858294072e-16,0.02073163564175339,0.013710365546052688
./gradslam_rpe.zip,0.0029207343895081526,0.0019743790626011626,0.0012533901276143829,0.0021523282024862554,2.611090194369167e-16,0.020879130547663185,0.0148007460639864
./ours_GS_rpe.zip,0.002813647699803514,0.0019009615788698783,0.001175929013823415,0.0020743573593453328,0.0,0.020621855131262416,0.013735324211887664
./ours_rpe.zip,0.002869137870295187,0.001929663823832606,0.0012041594578798506,0.0021232874618745635,1.5700924586837752e-16,0.02131483045293146,0.014282436926052073
./rgbdvo_rpe.zip,0.005391576356177579,0.0019590846374830154,0.0010770329614269265,0.005023055144796953,1.1102230246251565e-16,0.18947161611078406,0.05043488087379552
