,rmse,mean,median,std,min,max,sse
./ColorICP_rpe.zip,0.18974357608277292,0.14954238152271374,0.11766704373469603,0.11678912960200606,0.0045468455219959325,1.3863565315067412,115.38841205029632
./gradslam_rpe.zip,0.22477038251205023,0.18348408592072746,0.15425395486289253,0.12982802112197692,0.0064553847469614005,1.3512466084549561,161.92212815903588
./ours_GS_rpe.zip,0.19337972987269966,0.15724823965289503,0.12752127834576507,0.1125553688266534,0.008350081505080879,1.3714455199329831,119.85328236167072
./ours_rpe.zip,0.19261086875419328,0.15607935332389103,0.12645075107225773,0.11286355580186658,0.009957666002861574,1.4069516723113131,118.90212437299543
./rgbdvo_rpe.zip,11.081291688196517,1.4183183258739493,0.35925778947158205,10.990150072013728,0.021351841296535525,177.49138392422762,393558.05665985274
