,rmse,mean,median,std,min,max,sse
./ColorICP_rpe.zip,0.06118646307271159,0.015011971610628217,0.00852861892214948,0.05931630443402549,0.0009999798795521267,0.9371666388204869,1.2317046936415905
./gradslam_rpe.zip,0.06608999063961843,0.01809216996549633,0.011457371677051902,0.06356540134919661,0.001278346064017369,1.0035517732538421,1.4370347778430563
./ours_rpe.zip,0.06448021597797185,0.01793614245823642,0.011737294828999214,0.06193539413198034,0.0007404696808228547,0.8559033526571594,1.36788272509418
./ours_US_rpe.zip,0.06448021597797185,0.01793614245823642,0.011737294828999214,0.06193539413198034,0.0007404696808228547,0.8559033526571594,1.36788272509418
./rgbdvo_rpe.zip,0.08152844234371864,0.014376605338305329,0.006336560344540399,0.08025085750283088,0.00047718247457033386,1.2334107452075154,2.1868257937167153
