,rmse,mean,median,std,min,max,sse
./ColorICP_rpe.zip,2.316402274754641,0.9281452082415996,0.416633975585299,2.1223256043563707,0.008273186030189205,66.94199579902187,8558.322600089119
./gradslam_rpe.zip,2.4568993878613488,1.0122903332743212,0.5397197316957911,2.2386654245851108,0.020121924399299676,74.28766385621958,9627.985590307184
./ours_GS_rpe.zip,2.397260527505068,0.7947184530947705,0.31757531386887855,2.2616986132207204,0.014814389690790023,68.55191423481804,9166.23856859053
./ours_rpe.zip,2.3567443539986956,0.7796356860050269,0.30829124671557273,2.2240530900165583,0.009544555838959594,68.4077452588588,8859.019100417043
./rgbdvo_rpe.zip,42.474029965285936,16.189176508979617,0.5940125584400759,39.26771938186772,0.043152739777219076,179.17653549902852,2877448.9382797517
