,rmse,mean,median,std,min,max,sse
./ColorICP_rpe.zip,1.4123455209338944,0.8346138486695194,0.6362723214624307,1.1393592910540056,0.05229896757615652,15.732564059028267,957.4655378409763
./gradslam_rpe.zip,1.1559444745340417,0.6866436905418776,0.5193046745535363,0.9299075601611227,0.02396231580097377,14.158171406137075,641.3796615387753
./ours_rpe.zip,1.4330365853340878,0.9149999377965286,0.7183651377021052,1.1028911862637816,0.01772001709165339,12.71671638377203,985.7250503548714
./ours_US_rpe.zip,1.4330365853340878,0.9149999377965286,0.7183651377021052,1.1028911862637816,0.01772001709165339,12.71671638377203,985.7250503548714
./rgbdvo_rpe.zip,1.5317420819690473,1.0078341591965405,0.829836334097775,1.153474799564981,0.037854143699909144,15.602584357164895,1126.1922267239383
