,rmse,mean,median,std,min,max,sse
./ColorICP_rpe.zip,0.06377731937115366,0.017134540910786096,0.010790249398432606,0.061432515608159245,0.0015117573633280975,1.2812076866766542,3.0425247566952587
./gradslam_rpe.zip,0.07043511462293485,0.021992596056545792,0.01518533059945108,0.06691360915867248,0.0005146328098965105,1.232485680247537,3.7109068182155855
./ours_rpe.zip,0.05733666816471127,0.01577629018532686,0.010028129568743112,0.05512351752399855,0.0006164174319692168,1.0871130494425059,2.4590451501402013
./ours_US_rpe.zip,0.05733666816471127,0.01577629018532686,0.010028129568743112,0.05512351752399855,0.0006164174319692168,1.0871130494425059,2.4590451501402013
./rgbdvo_rpe.zip,0.04500125508922848,0.011293869555609213,0.007426552737940866,0.043561008597904335,0.0007046022659832462,0.700759609455256,1.5147844937851478
