,rmse,mean,median,std,min,max,sse
./ColorICP_rpe.zip,0.2541038521041606,0.21383889052539845,0.18512327632169628,0.13726505947632767,0.003387827335645052,2.827865380765557,320.71306893827784
./gradslam_rpe.zip,0.2704466489121025,0.22546591853429263,0.18999016630312912,0.14935363901583976,0.00873787593469297,1.7619298126464054,363.2932836719732
./ours_GS_rpe.zip,0.292995269431485,0.24654192299164795,0.20836026449482964,0.158313954270648,0.008737875934692966,1.826446086288384,426.39821402513803
./ours_rpe.zip,0.29364702545322996,0.24715775599592496,0.20908897262958345,0.15856108983161254,0.008737875934692968,1.7988358511080922,428.29733479425096
./rgbdvo_rpe.zip,0.3892034084551449,0.31674277590359756,0.24875279427200142,0.22617096866305747,0.00873787593469297,2.482242515295055,752.3976490914594
