,rmse,mean,median,std,min,max,sse
./gradslam_rpe.zip,0.009715150555720314,0.0031782669226882577,0.0024052198232838626,0.009180564780472848,0.00017683577321716258,0.1634666381268637,0.05219443512713294
./ours_rpe.zip,0.010162074654204264,0.0031251044486928603,0.0022823607282073818,0.00966961651061617,0.0003487257353660118,0.17305817160980003,0.05710707198652426
./ours_US_rpe.zip,0.010162074654204264,0.0031251044486928603,0.0022823607282073818,0.00966961651061617,0.0003487257353660118,0.17305817160980003,0.05710707198652426
./rgbdvo_rpe.zip,0.010188026339684048,0.0032352010787862913,0.0022795560971382296,0.009660711913617752,0.00035201544943222067,0.1653956467125237,0.05739912202604706
