,rmse,mean,median,std,min,max,sse
./ColorICP_ape.zip,0.08255076841282658,0.07452688410203051,0.07535258599430343,0.035501731106956376,0.005032522438575742,0.2046311693757723,3.6185681931060545
./gradslam_ape.zip,0.1372517732756763,0.13164044128469038,0.1295787173387479,0.03884383459044227,0.04577459840369876,0.218718739992212,10.003004160945673
./ours_ape.zip,0.16902734711033437,0.16353699035735758,0.17172310224214873,0.04273051434297276,0.06191910608012713,0.2567463135882635,15.170799601784614
./ours_US_ape.zip,0.16902734711033437,0.16353699035735758,0.17172310224214873,0.04273051434297276,0.06191910608012713,0.2567463135882635,15.170799601784614
./rgbdvo_ape.zip,0.17336357269535277,0.15907435624376387,0.16669643965699146,0.06892225709688396,0.030756481810858254,0.31312267618400735,15.959166947317033
