,rmse,mean,median,std,min,max,sse
./ColorICP_rpe.zip,0.026808358046197602,0.009688400131036194,0.007638164525434246,0.024996459029911926,0.00016791664598794922,0.35138381761753357,0.3809046724005577
./gradslam_rpe.zip,0.025732233211439207,0.01057494085712994,0.007978987111691989,0.02345886723429115,0.0004365633202621543,0.39258788651791116,0.35093834780538435
./ours_rpe.zip,0.025857234758370724,0.008258320368345385,0.0061675992914655385,0.02450299438932448,0.0002905532565552418,0.40689351666703105,0.3543561923552324
./ours_US_rpe.zip,0.025857234758370724,0.008258320368345385,0.0061675992914655385,0.02450299438932448,0.0002905532565552418,0.40689351666703105,0.3543561923552324
./rgbdvo_rpe.zip,0.01906150369963556,0.006525192327504462,0.004958030036207246,0.017909851712962253,0.00010854031509036848,0.26898450687648756,0.19257068934434662
