,rmse,mean,median,std,min,max,sse
./ColorICP_ape.zip,0.13426793029297965,0.1147769853561095,0.0912754137297063,0.06967152027711083,0.02896348120336845,0.37996279489091506,4.759359555762357
./gradslam_ape.zip,0.1219411545670894,0.11343578248348642,0.10879662387098611,0.04474336184859095,0.02250929949491385,0.28447547931299627,3.9255863267688635
./ours_ape.zip,0.1448396645887154,0.1312760507937782,0.12870415893631246,0.06119744215374488,0.01957031588884694,0.38789944861322406,5.538331507677295
./ours_US_ape.zip,0.1448396645887154,0.1312760507937782,0.12870415893631246,0.06119744215374488,0.01957031588884694,0.38789944861322406,5.538331507677295
./rgbdvo_ape.zip,0.19084560270806833,0.18262151073389665,0.1758261113040131,0.05542046454402137,0.06581623552973087,0.43007498991460424,9.615419635273547
