,rmse,mean,median,std,min,max,sse
./ColorICP_ape.zip,0.23314485007119107,0.19891843645551535,0.16517069066169887,0.12160582532432915,0.03145411759243675,0.5116140961450275,33.91846917558413
./gradslam_ape.zip,0.3496069698302938,0.31190947649218637,0.26246895909528295,0.15791615442471435,0.05656238479163654,0.731348010932996,76.26842081284606
./ours_ape.zip,0.28449261436180173,0.2608889780905918,0.28661124874053845,0.11345919415040602,0.03854384929785276,0.46836870530541685,50.5040937188816
./ours_US_ape.zip,0.28449261436180173,0.2608889780905918,0.28661124874053845,0.11345919415040602,0.03854384929785276,0.46836870530541685,50.5040937188816
./rgbdvo_ape.zip,0.5497248887818672,0.47364284327306494,0.38388471200931257,0.27903388748043295,0.19207513541699167,1.2975940939653499,188.57121088805138
