,rmse,mean,median,std,min,max,sse
./ColorICP_rpe.zip,0.016266161105254598,0.005676176258018031,0.004457148482908091,0.015243655079737599,7.112225725417104e-05,0.2787749049761978,0.11297907476259561
./gradslam_rpe.zip,0.01643892637182451,0.006167831868204174,0.005292766937256085,0.015237983800484644,0.0004227420228022503,0.28253691155679567,0.11539175421028018
./ours_rpe.zip,0.017659301138260166,0.005921541688471255,0.004463301213980832,0.016636894563693484,0.000264258853492713,0.30267031437488046,0.13316034142738015
./ours_US_rpe.zip,0.017659301138260166,0.005921541688471255,0.004463301213980832,0.016636894563693484,0.000264258853492713,0.30267031437488046,0.13316034142738015
./rgbdvo_rpe.zip,0.020828579854521887,0.00748953720669218,0.005471151448577496,0.01943544625640915,0.0006619939484345004,0.33342221514922016,0.18524529844889526
