,rmse,mean,median,std,min,max,sse
./ColorICP_rpe.zip,0.004485938770405178,0.0033720290788675287,0.0028460498941510794,0.002958558186532102,0.0001732050807568304,0.06260107667879254,0.030125099037781003
./gradslam_rpe.zip,0.005281472135347067,0.004206491031981732,0.0032009373058942054,0.00319364699275057,0.0001732050807568026,0.03805482657582012,0.041757240030921905
./ours_GS_rpe.zip,0.004584110029808887,0.003724509318508044,0.003064154696524034,0.002672469850483103,0.0001732050807569138,0.035138984998210526,0.031458054953795465
./ours_rpe.zip,0.0037220886224946744,0.003259644051697813,0.0029392055785365068,0.0017968484549163758,0.00017320508075674163,0.01607921199263799,0.020739353739415343
./rgbdvo_rpe.zip,0.008736097178523423,0.004647071545186134,0.003536947836765251,0.007397575276164905,0.00017320508075680405,0.2711124090469791,0.11425013268716955
