,rmse,mean,median,std,min,max,sse
./ColorICP_rpe.zip,0.011178867290071509,0.004640598004772497,0.0028798275716602675,0.01017014867379687,0.00010663879573504028,0.4130381312731459,0.36627849356874903
./gradslam_rpe.zip,0.010288248484923787,0.007205602538025101,0.005720599202914164,0.007343524286849114,0.00030007946615359047,0.1182186035413337,0.3102406547373697
./ours_GS_rpe.zip,0.0029163080265255047,0.0022194610596934826,0.00169544847653683,0.001891783579081224,0.0001286109094041289,0.018618216484273087,0.02492772269384643
./ours_rpe.zip,0.0028669767594341174,0.0021970881893201306,0.001645575504810822,0.00184183583076379,5.399393354706513e-05,0.02045959163307512,0.024091517871405718
./rgbdvo_rpe.zip,0.0269099374740771,0.006254906039093643,0.0052773099207837175,0.026172903646726874,0.0004358898943540192,1.0923349464076595,2.122468217870964
