,rmse,mean,median,std,min,max,sse
./ColorICP_ape.zip,0.029349463581325435,0.02764900292969136,0.027178771508898143,0.009844980929664958,0.00808159591396589,0.08959285171323182,1.1697689949906822
./gradslam_ape.zip,0.01509345109440723,0.013828361720987567,0.013143881304850412,0.006048857582452131,0.0031581268907691306,0.05617498542178212,0.3093690571455189
./ours_ape.zip,0.016380204084743992,0.014286563449337672,0.013174808496372417,0.008012814153960683,0.0024256952302377306,0.0766315930869795,0.36436645459497896
./ours_GS_ape.zip,0.022453746923873207,0.018835514173021015,0.014920600971064431,0.012222690242302223,0.001735606412550566,0.08486111815129989,0.6846638797511871
./rgbdvo_ape.zip,0.022443576123882075,0.020420186708746343,0.0196844987763514,0.009312898797282662,0.002435233244503531,0.08266387506452717,0.6840437603322889
