,rmse,mean,median,std,min,max,sse
./ColorICP_rpe.zip,0.015812438323996102,0.0016081575667632705,0.0008062257748298225,0.015730449293985305,0.0,1.3248119695149327,3.0694076337892184
./gradslam_rpe.zip,0.013986900357815765,0.0018286241776789983,0.0008062257748298965,0.013866849506512813,0.0,1.3273558608676144,2.401595392760574
./ours_GS_rpe.zip,0.013254332688524271,0.001329876050128337,0.000787400787401654,0.013187447240060456,5.551115123125784e-17,1.308368580407109,2.1566149646819874
./ours_rpe.zip,0.013220441141179451,0.0013416648054725248,0.0007874007874015441,0.013152186111713392,1.110223024625156e-16,1.2975599417620336,2.1456000652636824
./rgbdvo_rpe.zip,0.02403297619137185,0.0017253516749350772,0.0008062257748297604,0.023970963814849932,0.0,1.8299046410404805,7.090420504094307
