,rmse,mean,median,std,min,max,sse
./ColorICP_rpe.zip,2.8165121730252847,0.8627753568064664,0.5519326989920008,2.6811116173123204,0.047713541222877506,49.93019389951863,4148.823449278197
./gradslam_rpe.zip,2.5127483605167282,0.6861856551734649,0.4428652818377767,2.417240900264942,0.04577513794833497,48.42824613954532,3302.1719610751816
./ours_rpe.zip,4.663104586737312,1.221621756468784,0.7551471509663773,4.500242734672507,0.029329609134005268,66.16017321209691,11372.39671432284
./ours_US_rpe.zip,4.663104586737312,1.221621756468784,0.7551471509663773,4.500242734672507,0.029329609134005268,66.16017321209691,11372.39671432284
./rgbdvo_rpe.zip,28.36474824959703,8.249666528859445,1.1075353265692223,27.138569332697585,0.13509419854265148,174.36113130225854,420784.32732655836
