,rmse,mean,median,std,min,max,sse
./ColorICP_ape.zip,0.2642320311499684,0.2480938197488218,0.27240157127677794,0.09092866923076036,0.017919414492839732,0.43254568946629174,23.10994544054614
./gradslam_ape.zip,0.2677553070272635,0.24700771522088613,0.264870357246973,0.1033445357172879,0.010909943815585906,0.5537330648256523,23.730351370058433
./ours_ape.zip,0.40492349164791164,0.3558284583669263,0.30616537987872755,0.19325926188556383,0.12087226440923718,0.9625802840728204,54.271764283239335
./ours_US_ape.zip,0.40492349164791164,0.3558284583669263,0.30616537987872755,0.19325926188556383,0.12087226440923718,0.9625802840728204,54.271764283239335
./rgbdvo_ape.zip,0.6251290359163041,0.5936844715665099,0.571702344419657,0.19576787215077415,0.16399202022364873,0.9545124830883215,129.35026912160944
