,rmse,mean,median,std,min,max,sse
./ColorICP_ape.zip,0.1552824239399108,0.13231530591870955,0.09839384331313464,0.08127294140298166,0.028104386833386723,0.45299783691694107,41.85952773655966
./gradslam_ape.zip,0.1627989594598355,0.13737299420635335,0.11438662621451492,0.08736224392714718,0.036590735865265275,0.4908789080822574,46.01007808529216
./ours_ape.zip,0.1540506191208478,0.1250535107826963,0.09787037193497812,0.0899622848333599,0.03190059077662659,0.43624694334546193,41.19804588463267
./ours_GS_ape.zip,0.15662357265079277,0.1290313445531176,0.09204436726999168,0.08877981545775375,0.04025537277852226,0.46737087702837277,42.58571793318321
./rgbdvo_ape.zip,0.16752558993697542,0.141093218968382,0.10986216334371296,0.09031902814397332,0.024190018324577716,0.45241691269191214,48.72053322055813
