,rmse,mean,median,std,min,max,sse
./ColorICP_rpe.zip,0.019816351539023367,0.0074695407262316766,0.0049081844762791345,0.018354665610065476,0.0008802224548078088,0.27623180014909376,0.15314823744407996
./gradslam_rpe.zip,0.028880100639715717,0.010083172002596752,0.006257004051289721,0.02706270229164407,0.000497654341171834,0.4136952426021389,0.32528348305444216
./ours_rpe.zip,0.020466512987240736,0.0077909720079971405,0.005724903094942337,0.018925615155854218,0.0007773433600231165,0.2564245263425036,0.16336248000418857
./ours_US_rpe.zip,0.020466512987240736,0.0077909720079971405,0.005724903094942337,0.018925615155854218,0.0007773433600231165,0.2564245263425036,0.16336248000418857
./rgbdvo_rpe.zip,0.01775449699142639,0.006759040597414013,0.004444632426116018,0.016417598290282227,0.00025996345897059367,0.22530777529573914,0.12293664373324178
