,rmse,mean,median,std,min,max,sse
./gradslam_rpe.zip,5.660181255281505,1.8735950773688788,0.787598878748857,5.341094768743503,0.03851350771555697,161.17764130827217,84867.73973115365
./ours_GS_rpe.zip,0.3674023161385531,0.26711620685389276,0.21899822690932477,0.2522566033624526,0.013092435953317386,7.833920364574758,357.5738395836254
./ours_rpe.zip,0.367974643797887,0.26756869372643977,0.22045857785936893,0.2526110302732415,0.019477010306513495,7.851885064895713,358.6887416287037
./rgbdvo_rpe.zip,50.35436880686012,24.789622868994087,1.1370501787064042,43.8296367307594,0.044314448514142624,179.23230008796477,6716704.951075876
