,rmse,mean,median,std,min,max,sse
./ColorICP_rpe.zip,0.006915935287319505,0.00517867861247438,0.004224799583369488,0.004583824683284861,0.00024876187921704933,0.07638538461309237,0.06480986801731997
./gradslam_rpe.zip,0.011491495980138095,0.00934880533595618,0.007782606924822966,0.006682388693568136,0.0004440055935962475,0.06898603514004725,0.17893382021237314
./ours_GS_rpe.zip,0.0066770567544894134,0.005597388086230012,0.004771528113364974,0.003640375463438218,0.00015405998447988705,0.03695573020373405,0.060410082753121506
./ours_rpe.zip,0.006440705862840436,0.005564503706902115,0.004858058913648342,0.0032432993243763026,0.0002038113318339319,0.031324797769022514,0.05620904767575481
./rgbdvo_rpe.zip,0.03156032784506467,0.012554998674373164,0.011326958991715444,0.02895559189473516,0.00014142135623726562,1.0599892610185886,1.349653567947192
