,rmse,mean,median,std,min,max,sse
./ColorICP_ape.zip,0.17181067831626454,0.15676386707735196,0.14263385289552427,0.07031357736916294,0.03702004637224307,0.33952061078230555,71.90806277099367
./gradslam_ape.zip,0.15864931024570098,0.14335390559378766,0.1376224768422693,0.06796514836623323,0.025758023581395093,0.2793476029152434,61.31315447053976
./ours_ape.zip,0.13631406987893527,0.12269562593302072,0.11571302818866264,0.05939115274065241,0.0027170978993924554,0.29262136083273727,45.26459647599273
./ours_GS_ape.zip,0.13056784288610962,0.11743521396472748,0.11186634210077157,0.057069537557180916,0.012447444296638348,0.271103192591091,41.528834447689874
./rgbdvo_ape.zip,0.29951655273103905,0.2633117646706738,0.2686227602361327,0.1427483097829918,0.031195665362451653,0.574258825695888,218.5339628166806
