,rmse,mean,median,std,min,max,sse
./ColorICP_ape.zip,0.15033404875543172,0.14177401377003943,0.14612000437800565,0.05000455214011214,0.02773840795274029,0.3042453351899804,13.311592140753106
./gradslam_ape.zip,0.17370098149043367,0.15977279703222738,0.14781250442362429,0.06815192073037014,0.033709688004571664,0.35677294070978743,17.77132624176585
./ours_ape.zip,0.17445390279668718,0.16025430278504768,0.14778211116503726,0.0689399930365114,0.029449244071229973,0.3710827230834075,17.925722714386634
./ours_US_ape.zip,0.17445390279668718,0.16025430278504768,0.14778211116503726,0.0689399930365114,0.029449244071229973,0.3710827230834075,17.925722714386634
./rgbdvo_ape.zip,0.15528908724892654,0.1444067714995541,0.1372296554086015,0.05710853669706726,0.027635329628803437,0.35361378415160005,14.203558664358177
