,rmse,mean,median,std,min,max,sse
./ColorICP_rpe.zip,2.1454704616210223,0.9087431361839835,0.6276794743961833,1.9435095611102151,0.0490240701288517,34.86230350200606,1795.186965658446
./gradslam_rpe.zip,1.7514849873194822,0.7500202017395095,0.4656308244003008,1.5827726803897497,0.05124911285540081,28.909540381325666,1196.4028677141553
./ours_rpe.zip,2.4120649812380623,1.0734703550316285,0.8144667544655059,2.1600275161634497,0.12483495803833025,34.42866409001219,2269.0424147488397
./ours_US_rpe.zip,2.4120649812380623,1.0734703550316285,0.8144667544655059,2.1600275161634497,0.12483495803833025,34.42866409001219,2269.0424147488397
./rgbdvo_rpe.zip,40.58051403146437,15.84919555252874,1.0779124676642136,37.3574774228076,0.10460663138520199,177.05139840816815,642243.4664325718
