,rmse,mean,median,std,min,max,sse
./ColorICP_ape.zip,0.28390697844128937,0.2489195513770746,0.23388041736927168,0.1365365495019508,0.05271612195994325,0.6620416284365152,134.52669474838913
./gradslam_ape.zip,0.2805800788923422,0.24796274974456842,0.2364106461627505,0.1312998682800006,0.04506069314433123,0.6411833311097744,131.39232654028783
./ours_ape.zip,0.26841346606366834,0.23926874070317117,0.2220891744114203,0.12163987210874033,0.019663232736148093,0.5864373277023186,120.24442144763681
./ours_GS_ape.zip,0.27358316595169485,0.24243916258322618,0.22139811150819405,0.12677145237827256,0.014455540446663674,0.6225464149727885,124.92089256720267
./rgbdvo_ape.zip,0.2887457529144979,0.25087827532570467,0.23547119260291346,0.14294824516502525,0.007848908258027436,0.6311464239583323,139.15138929986148
