,rmse,mean,median,std,min,max,sse
./ColorICP_ape.zip,0.20771751606712124,0.1837093007305406,0.14910162261828178,0.09694049363496436,0.05474410249902851,0.43616409490428737,26.233112420505623
./gradslam_ape.zip,0.363043027487453,0.316903428246952,0.2724708724969606,0.1771227172685212,0.03098942108388282,0.9308172516191826,80.13454580281137
./ours_ape.zip,0.11586125903009924,0.10538125221597498,0.1060863356773525,0.048152082254382486,0.006074989183568712,0.21973896855171743,8.349623095992726
./ours_GS_ape.zip,0.07961265547385803,0.07385822545613911,0.07308296518610297,0.029717628506819697,0.008456221481569819,0.13615637752461818,3.9423447950147135
./rgbdvo_ape.zip,0.9023508673599432,0.8441547928733248,0.8805318388664036,0.31880993318000006,0.08069471995690827,1.2981468225405202,495.05614939774705
