,rmse,mean,median,std,min,max,sse
./gradslam_rpe.zip,0.0057918962967709155,0.002447342172072953,0.0011180339887499817,0.005249436065459022,8.326672684688673e-17,0.19721786701706898,0.2847725263668255
./ours_GS_rpe.zip,0.009942778442913722,0.0018343373566483223,0.0011180339887495831,0.009772105690529257,0.0,0.7079558172667749,0.8392127196265798
./ours_rpe.zip,0.006789277911103173,0.0018714582896860624,0.0011180339887495677,0.006526249951094332,3.103167691559091e-17,0.346866822476163,0.39129446647054833
./rgbdvo_rpe.zip,0.02094231641805353,0.0032631739707075216,0.0011180339887499123,0.0206865249036848,1.3877787807814455e-17,1.3573741523041225,3.723110857321439
