,rmse,mean,median,std,min,max,sse
./ColorICP_rpe.zip,0.013454008680761687,0.009159148316209176,0.006802649254683319,0.009854965839803475,0.0009710027886634448,0.12986072289205086,0.10987328219628055
./gradslam_rpe.zip,0.03569392537794723,0.014191314757993657,0.010212576505738064,0.03275153270193651,0.0007233784759013511,0.7745424231109576,0.7733521794940844
./ours_GS_rpe.zip,0.008874914645931032,0.007243923792193024,0.006288798480082949,0.0051273461035374794,7.049528342466936e-05,0.04130437523760456,0.04891251229296046
./ours_rpe.zip,0.008865266331593721,0.00716585386428064,0.006118947652470061,0.005219529243702287,0.00012969857112082037,0.048490708395077235,0.04880622016778538
./rgbdvo_rpe.zip,0.04372291158115644,0.01789243350766863,0.01588363938145169,0.03989428305292978,0.0006403124237432757,0.9697104777851239,1.1603976492601096
