,rmse,mean,median,std,min,max,sse
./ColorICP_rpe.zip,0.012033586332697794,0.00372021897594545,0.0009486832980503024,0.011444088902027392,0.0,0.22400250472058714,0.7214294705319788
./gradslam_rpe.zip,0.025709924813306848,0.007500075235496336,0.000948683298050506,0.024591647064964677,0.0,0.6647412415416093,3.29310316531915
./ours_GS_rpe.zip,0.010532595189490207,0.0031656263086493074,0.0009486832980501761,0.010045614540666966,0.0,0.18962104158368584,0.5526809670226991
./ours_rpe.zip,0.011681302803516688,0.003399102117985008,0.0009486832980504546,0.01117581943210236,0.0,0.3521628678116938,0.6798080249038603
./rgbdvo_rpe.zip,0.028796523562674346,0.003900931834776403,0.0009273618495498775,0.028531079546979757,0.0,1.840759455939496,4.131272530630972
