,rmse,mean,median,std,min,max,sse
./ColorICP_rpe.zip,4.379623963726985,1.1111395111781535,0.6276887332211715,4.23632801496183,0.06346136581673262,78.65567577337823,11949.82907765499
./gradslam_rpe.zip,3.8363821748844806,0.9613979371426794,0.536129363445529,3.7139658315915045,0.04239700967302526,70.94310664565106,9169.206963473567
./ours_rpe.zip,4.2275108977349145,1.1556802226897467,0.674686872921855,4.066479019170177,0.07828428918521643,69.46621081687763,11134.16154726123
./ours_US_rpe.zip,4.2275108977349145,1.1556802226897467,0.674686872921855,4.066479019170177,0.07828428918521643,69.46621081687763,11134.16154726123
./rgbdvo_rpe.zip,6.406385782853346,1.4022585999610693,0.789905629882376,6.251035883562075,0.0358171988972426,100.90949583669253,25569.028191618432
