,rmse,mean,median,std,min,max,sse
./ColorICP_rpe.zip,0.4561638524701325,0.3600953252940711,0.28838118441383875,0.28003002875004307,0.016175552898902677,3.1320136505697693,444.88671412223994
./gradslam_rpe.zip,0.4404050430056481,0.354710550777155,0.29141912485982147,0.2610307013976978,0.00817265268949457,2.815824448336896,414.6792148724768
./ours_GS_rpe.zip,0.524558679142756,0.4182467280142294,0.33860398877192804,0.31659356021464496,0.016175552898902688,3.0919823759731293,588.2959452132166
./ours_rpe.zip,0.5231299446221597,0.41560727868864566,0.3387615735410714,0.31770352352689174,0.016175552898902677,3.0876183706891545,585.0956394973007
./rgbdvo_rpe.zip,7.412565538012698,0.9638481951110811,0.3880755286751522,7.349634311454863,0.01617555289890268,149.58704008927901,117474.82135470299
