,rmse,mean,median,std,min,max,sse
./ColorICP_rpe.zip,0.015605090517024224,0.005583375975739554,0.004403429629877158,0.014572054170845433,0.00015601939356549784,0.24960638659206622,0.1431890838261774
./gradslam_rpe.zip,0.01804145398712404,0.006876815439775705,0.005150114271023579,0.01667943258557606,0.0003458570821439212,0.2328987710634174,0.19139050843807423
./ours_rpe.zip,0.013854451635919411,0.005054565916914927,0.0036774964060234333,0.01289950361539513,0.00016118528875833262,0.17038239017333995,0.11286414811763368
./ours_US_rpe.zip,0.013854451635919411,0.005054565916914927,0.0036774964060234333,0.01289950361539513,0.00016118528875833262,0.17038239017333995,0.11286414811763368
./rgbdvo_rpe.zip,0.027983407430517693,0.005885408633282104,0.0036933011432350245,0.027357504576288404,0.00020530655049192005,0.5508114565426769,0.4604458017563434
