,rmse,mean,median,std,min,max,sse
./ColorICP_ape.zip,0.2200994253111322,0.20359682673700422,0.16935956316394213,0.08361871300679621,0.02455482196724416,0.39722797477114125,21.896578174075376
./gradslam_ape.zip,0.25900809597712443,0.24396520210815711,0.21756673082373537,0.08698375677114303,0.08242244141697001,0.4347353961530903,30.32250758932628
./ours_ape.zip,0.17229503539668156,0.15664781568672387,0.1628427673323003,0.07174288161847098,0.025952008928399835,0.2741912439912362,13.417881808499377
./ours_US_ape.zip,0.17229503539668156,0.15664781568672387,0.1628427673323003,0.07174288161847098,0.025952008928399835,0.2741912439912362,13.417881808499377
./rgbdvo_ape.zip,0.2604547841412396,0.24271148960548203,0.2191074236719784,0.09448718111758717,0.05684726816863032,0.7750204919005896,30.662185951091
