,rmse,mean,median,std,min,max,sse
./ColorICP_rpe.zip,0.3387849882281047,0.25846656031193554,0.216821775099479,0.21902124428747466,0.008824434259307234,5.2377437038237575,180.77104749172932
./gradslam_rpe.zip,0.29091709003799365,0.24029179940729933,0.20256058556924078,0.16398964727621174,0.00882443425930723,2.140426666140395,133.29658640997422
./ours_GS_rpe.zip,0.33759556909928995,0.2785653722432655,0.23336348813661623,0.19071471275820445,0.008791416019298547,1.9442162237919964,180.64366771662543
./ours_learning_rpe.zip,0.3579683518758576,0.2982929448075719,0.2535083022357223,0.1978955785831121,0.017488969575199166,1.8448303667593204,100.97537666443765
./ours_rpe.zip,0.3400007806944191,0.27964919686752515,0.23083528413708157,0.19338267131302803,0.008824434259307231,1.8739560976820158,183.22684143341093
./rgbdvo_rpe.zip,0.41962001769653656,0.34350695374705226,0.283930814960233,0.24100608286734632,0.008824434259307231,1.82949027892465,277.32751082133564
