,rmse,mean,median,std,min,max,sse
./gradslam_rpe.zip,1.5902178645573581,0.5061422353906692,0.3567485862865434,1.507518787382466,0.011394664494930144,58.21758378759567,11829.69298391095
./ours_GS_rpe.zip,0.5344182444027726,0.42900125001710865,0.3541193771241379,0.31868603269409196,0.011394664494930144,3.786212453327354,1336.0501788486335
./ours_rpe.zip,0.5393933219606732,0.4330029810531963,0.35519355331026214,0.32164199690776674,0.011394664494930144,3.768847267603101,1361.0414387190544
./rgbdvo_rpe.zip,18.739282587586317,4.043342958524145,0.43963574392453963,18.297871177193507,0.011394664494930143,178.59346957119487,1642729.8102561105
