,rmse,mean,median,std,min,max,sse
./ColorICP_ape.zip,1.033673083096519,0.949726037904985,0.963459598418583,0.40804472260226843,0.04932265207874898,1.977962440466931,1705.2941481783482
./gradslam_ape.zip,1.2647954308687337,1.12483915367508,1.2005198741853689,0.5783116463516503,0.136804593951905,2.9520955216391487,2553.133141186496
./ours_ape.zip,0.6217066953339311,0.5811800929288047,0.585409595468531,0.2207915637118035,0.14440390368685554,1.200711792137756,616.8846671767677
./ours_GS_ape.zip,0.950695654642877,0.858714894466885,0.7551874672830663,0.4079595050707548,0.1941143152648032,1.8099404086457052,1442.50027549993
./rgbdvo_ape.zip,1.6337741765390141,1.4379782609291156,1.6271815080000995,0.7755234239022119,0.19781672471744036,3.1578224496964697,4260.072023641471
