,rmse,mean,median,std,min,max,sse
./ColorICP_rpe.zip,4.724825825365675,1.1376809153336676,0.7058193432458801,4.585810856863591,0.04602380405713055,61.93473542489574,7835.716657094896
./gradslam_rpe.zip,3.809983769347673,0.940836110954905,0.5521832275638068,3.691991838427592,0.025108786353940156,51.44466772936086,5095.107689265139
./ours_rpe.zip,4.844571354784904,1.1476584791615339,0.7026334684098968,4.706670970740473,0.02140836188092824,68.32367391280815,8237.924935672456
./ours_US_rpe.zip,4.844571354784904,1.1476584791615339,0.7026334684098968,4.706670970740473,0.02140836188092824,68.32367391280815,8237.924935672456
./rgbdvo_rpe.zip,10.559049033834757,1.741916272257975,0.8012938061226762,10.414376803216292,0.0803998648098634,177.4096289743891,39134.22429112328
