,rmse,mean,median,std,min,max,sse
./ColorICP_rpe.zip,0.062018253374592214,0.016831039835742717,0.01068835774859216,0.05969070153451675,0.0007239240667094743,1.5234926029637739,22.650647233379214
./gradslam_rpe.zip,0.05508346160448016,0.01600563512116944,0.010490820822200472,0.052706805885959614,0.0005255473337386746,1.322975783820351,17.86833161459456
./ours_rpe.zip,0.06383865375725262,0.01804214051101328,0.011646397893973438,0.061236058652718965,0.0004936489348037927,1.6173314006324238,23.999875799027542
./ours_US_rpe.zip,0.06383865375725262,0.01804214051101328,0.011646397893973438,0.061236058652718965,0.0004936489348037927,1.6173314006324238,23.999875799027542
./rgbdvo_rpe.zip,0.045630854355393935,0.012758442575372944,0.008387496418387045,0.043810923435304176,0.0,1.0845518678311783,12.261927804737489
