,rmse,mean,median,std,min,max,sse
./ColorICP_ape.zip,0.06033029891402937,0.05484041551322389,0.048972850327909295,0.025145055048519684,0.005633923383247392,0.127913456643898,5.736238068080467
./gradslam_ape.zip,0.1613896507944877,0.1446496711026084,0.13163876638785554,0.07157577825964519,0.014117695524032543,0.35099508622073916,41.04947214850109
./ours_ape.zip,0.09368125055858963,0.08665862610398402,0.08371769919577615,0.035587346458975364,0.012662633649051996,0.16245497320325344,13.9190162560669
./ours_GS_ape.zip,0.08880634573251307,0.08243622617093821,0.08150932714475173,0.033027801274934494,0.009857280221809175,0.15508005744777667,12.50809532918715
./ours_learning_ape.zip,0.08196296502597562,0.07714205406232962,0.07886516425803146,0.027695326878264464,0.015836290117251572,0.1567984818435189,5.3004449046851
./rgbdvo_ape.zip,0.10563977150480083,0.09789770027157892,0.09460117058733919,0.039696367656532866,0.008551017038686163,0.20126606838640398,17.58778384597237
