,rmse,mean,median,std,min,max,sse
./ColorICP_rpe.zip,0.0005129022391548086,0.00040659649059879136,0.000324308282346351,0.00031264676675565243,1.2412670766236366e-16,0.002532040532900445,0.00037618825090992344
./gradslam_rpe.zip,0.0005054101458703258,0.0003999193977028884,0.0003190664137584881,0.00030903703805470133,4.1633363423443364e-17,0.0026551453993416308,0.00036527836423458945
./ours_GS_rpe.zip,0.0005858867373604493,0.00046002244470115994,0.00036115776713990984,0.00036282588025944416,2.775557561562892e-17,0.0026510043607875866,0.0004908664746912672
./ours_rpe.zip,0.0005531274266534269,0.0004369042224621885,0.00034466446817958945,0.0003392118077410525,6.206335383118184e-17,0.002607889040692728,0.00043750842866622635
./rgbdvo_rpe.zip,0.000967553635289688,0.00046441765746671,0.00030857915760570004,0.0008488087397025458,2.7755575615628914e-17,0.017158506207042817,0.0013387088531420753
