,rmse,mean,median,std,min,max,sse
./ColorICP_rpe.zip,2.19081267074747,0.24842522649739326,0.10955081159074,2.176682123128544,7.0622500768802555e-31,132.44405138516487,18401.897046951584
./gradslam_rpe.zip,2.224022466883065,0.24181043272214364,0.10940048551610548,2.210837770580954,1.0332689730542497e-30,132.95878340542455,18964.021927891223
./ours_GS_rpe.zip,2.1980471069128864,0.21949673414365628,0.10978925292744386,2.187060188451241,3.236329555401145e-30,132.3782265334489,18523.63009685389
./ours_rpe.zip,2.191348419084048,0.2188921298706957,0.1098940436432852,2.1803885271443773,7.895835623003682e-31,132.45990134320712,18410.89826491415
./rgbdvo_rpe.zip,27.877305388759655,6.952017182777451,0.10914112580083221,26.996548165062425,1.2405679264565772e-30,178.1184301511244,2979570.6931001367
