,rmse,mean,median,std,min,max,sse
./ColorICP_rpe.zip,0.0706967875297996,0.021523801392283715,0.013608989080514661,0.06734063959199642,0.0004686980869548437,0.9452525084093667,1.8342791265013418
./gradslam_rpe.zip,0.07324760878292084,0.02379050967887791,0.014922163443498936,0.06927643063578723,0.0004982461035081341,0.8962757002683638,1.9690328746166068
./ours_rpe.zip,0.05467305640772978,0.01633317263030525,0.010405951086280384,0.05217634108282652,0.000674667225650435,0.7292638553029586,1.0970155165853486
./ours_US_rpe.zip,0.05467305640772978,0.01633317263030525,0.010405951086280384,0.05217634108282652,0.000674667225650435,0.7292638553029586,1.0970155165853486
./rgbdvo_rpe.zip,0.048544749049349724,0.014365483446736662,0.008712294933168338,0.046370524534513034,0.0003862071982756078,0.501974921160459,0.8648695063170131
