,rmse,mean,median,std,min,max,sse
./ColorICP_rpe.zip,0.012459088953460505,0.007861842501133037,0.005685947590331984,0.009665419289281755,0.00017320508075683777,0.1697231914640212,0.1761847987195242
./gradslam_rpe.zip,0.00922422810354587,0.0074965217342143915,0.005894064811316502,0.005374806600678454,0.00017320508075662017,0.045037252118628475,0.09657304596058858
./ours_GS_rpe.zip,0.008164401597414678,0.006533185390683763,0.005346026561849611,0.004896421355931656,0.00017320508075680083,0.04710118898341841,0.07712267363455454
./ours_rpe.zip,0.008009755099472535,0.00640799733460048,0.00529244744895953,0.004805595375526265,0.00017320508075681932,0.0468646611316331,0.0742286965038299
./rgbdvo_rpe.zip,0.009577720668947872,0.007611972363514694,0.0058729212519838606,0.005812969116508344,0.00017320508075681932,0.05105105179245555,0.1041166521960641
