,rmse,mean,median,std,min,max,sse
./ColorICP_ape.zip,1.7267864654161873,1.5736228241449,1.6687753443771551,0.7109871338320822,0.1580115509459653,3.8152075414289186,11435.17039154927
./gradslam_ape.zip,1.9762202692213793,1.8583713718225572,1.887955687510767,0.6722368606910569,0.7113378131814665,3.458648567556221,14977.387528766249
./ours_ape.zip,1.2010585950713848,1.0532843380140442,0.8405403273613931,0.5771774875107012,0.14269883156071825,2.9053829826361004,5532.147606628245
./ours_GS_ape.zip,1.1006768825910347,0.9483536379483511,0.766021575158517,0.558672513428436,0.07264422169503848,2.690151770822409,4646.06261550267
./rgbdvo_ape.zip,1.6488116802786283,1.3743724770299064,1.480307914805139,0.9108678561711974,0.04655379793342098,3.2520143797779717,10425.754135184103
