,rmse,mean,median,std,min,max,sse
./gradslam_ape.zip,1.2237708381370955,1.148265900734227,1.1129472714891464,0.42320265297583354,0.5005449391162297,2.033133133317346,1515.5864450460667
./ours_ape.zip,0.4326578343050291,0.4158537668666613,0.4020408737955188,0.11940873572869967,0.22699933539885422,0.7197756066108699,189.4391152045442
./ours_US_ape.zip,0.4326578343050291,0.4158537668666613,0.4020408737955188,0.11940873572869967,0.22699933539885422,0.7197756066108699,189.4391152045442
./rgbdvo_ape.zip,1.524179372355738,1.3516421373963872,1.3098658353978634,0.7044049201483883,0.13566232433710765,2.6852813504594755,2351.0002322241085
