,rmse,mean,median,std,min,max,sse
./ColorICP_ape.zip,0.1457415061795149,0.1387984847553256,0.13687616443678463,0.0444473537243695,0.03238404801538883,0.25264973220524356,31.818398761963422
./gradslam_ape.zip,0.18119140172882675,0.1679938863566129,0.1691154220146155,0.0678850366963038,0.020273829723762456,0.3355328159151009,49.179825442564706
./ours_ape.zip,0.16453154814660798,0.15682301452994568,0.1573132304065865,0.04977120100278899,0.05258980378354197,0.2680859128164735,40.55180424260833
./ours_GS_ape.zip,0.10096089701137076,0.09383079534957224,0.09266179266806633,0.03726774167302474,0.02614304005580792,0.18886687974665897,15.26926788256024
./rgbdvo_ape.zip,0.1993834819177775,0.19028404897050927,0.19446566663031695,0.05954623051919856,0.029665053687594898,0.3161072130062065,59.55115174676175
