,rmse,mean,median,std,min,max,sse
./ColorICP_ape.zip,0.2749661236787694,0.2523779780473913,0.24437816332931794,0.10914085104871944,0.032438838416122016,0.5152283971558804,221.6778744091618
./gradslam_ape.zip,0.7548719141528216,0.7245399813702648,0.6942790545694999,0.21183347745982326,0.15173352808309828,1.2535089919930347,1670.7462710694163
./ours_ape.zip,0.24100090716846684,0.2149719784977598,0.21247691883270645,0.10894257990695223,0.041076097140310304,0.5294582895075899,170.29477403466228
./ours_GS_ape.zip,0.258928471258162,0.2324054321793547,0.237409281305615,0.11415633281433057,0.027733461584045067,0.5551132472091498,196.57287086475645
./rgbdvo_ape.zip,0.8368821007293147,0.8056262055530677,0.8360657710710677,0.226579053416853,0.2790432007152434,1.2684458596981922,2053.4896793278967
