,rmse,mean,median,std,min,max,sse
./ColorICP_rpe.zip,0.1047375474673879,0.026045816296764522,0.012811279388838718,0.10144737208483288,0.0010269580516820685,1.1180606547367893,2.380479985337884
./gradslam_rpe.zip,0.08336769488777666,0.021619374157576553,0.011570406935087516,0.08051568301850351,0.001425371647210535,0.8618056539604215,1.508187443545609
./ours_rpe.zip,0.06917635418900578,0.017570275241813902,0.009950378183066518,0.06690779780272012,0.001581010319881618,0.7120315439099587,1.0384248514175627
./ours_US_rpe.zip,0.06917635418900578,0.017570275241813902,0.009950378183066518,0.06690779780272012,0.001581010319881618,0.7120315439099587,1.0384248514175627
./rgbdvo_rpe.zip,0.07557933754429441,0.01684632298974613,0.008877832763127515,0.0736779320106064,0.0016491055151201394,0.8973988588315912,1.2395552692086627
