,rmse,mean,median,std,min,max,sse
./ColorICP_rpe.zip,0.7380705929003915,0.33425215656113555,0.23218867224172912,0.6580453600919662,0.015198760834688622,26.053972548845138,1596.6569745058073
./gradslam_rpe.zip,0.5893363476658084,0.4265079717711478,0.35007643573680486,0.4067041685251536,0.01971874269796127,7.426032293266065,1017.987096223299
./ours_GS_rpe.zip,0.28822629189333515,0.23852211129018194,0.20141990390168227,0.16180728588124854,0.009373540777899338,1.5494692037999578,243.49105273738397
./ours_rpe.zip,0.28966981659719776,0.23954491803727979,0.2020795858818378,0.16287060781481447,0.01655739214522389,1.538703750708151,245.93611435968825
./rgbdvo_rpe.zip,35.95506170797184,12.225262516138308,0.5218656487575082,33.8128587793988,0.02065988428394967,179.9736817937621,3789098.501364929
