,rmse,mean,median,std,min,max,sse
./ColorICP_rpe.zip,0.46060361148216916,0.3735124139371623,0.32008185192939465,0.26952581239141266,0.022852924342553385,2.4181007669769405,335.4181410053693
./gradslam_rpe.zip,0.46731214247321895,0.3768628466673917,0.3189894285960232,0.2763241453522656,0.0228529243425534,2.581561478338285,345.2597894731008
./ours_GS_rpe.zip,0.5064722965708457,0.4141634362488743,0.35720694100482764,0.29151815598393055,0.02285292434255339,3.0689041274708506,405.5489299533134
./ours_rpe.zip,0.5116642474649058,0.41739583579587225,0.3605286575530029,0.2959409035501744,0.0228529243425534,3.166103723670481,413.9062776735826
./rgbdvo_rpe.zip,19.996140636118362,4.391178084939569,0.4307163403055351,19.508028997460777,0.022852924342553396,179.85840158146226,632155.9573766295
