,rmse,mean,median,std,min,max,sse
./ColorICP_ape.zip,0.12753339017868598,0.12265571015583022,0.12175215652314803,0.0349333991566513,0.0446185660943013,0.21513029432376127,4.228839058721929
./gradslam_ape.zip,0.1373485112955577,0.13132436963994282,0.13352297807241476,0.04023087736773345,0.06384330821600977,0.22778507000409784,4.9047995243275455
./ours_ape.zip,0.15054683151565237,0.14225495482813696,0.14295970566236127,0.04927348481939283,0.06798048195203313,0.2614515942292319,5.892730604644578
./ours_US_ape.zip,0.15054683151565237,0.14225495482813696,0.14295970566236127,0.04927348481939283,0.06798048195203313,0.2614515942292319,5.892730604644578
./rgbdvo_ape.zip,0.20749442504135962,0.17003391250830102,0.12425455369899682,0.11892184416819236,0.034479774463547365,0.43853159666176755,11.194023470043545
