,rmse,mean,median,std,min,max,sse
./ColorICP_rpe.zip,2.397840008720638,0.9118007593497355,0.6984051729736421,2.2177141571155277,0.06343947002856257,37.46607775691807,2455.094874068933
./gradslam_rpe.zip,2.119505645382359,0.7653908953039573,0.578685969278922,1.9764819650564727,0.06284780568872719,33.93902252892126,1918.2138852048834
./ours_rpe.zip,2.618465010509105,1.0383276440461409,0.8287636582384499,2.4037958970906907,0.1057532701644926,39.78279962412503,2927.6652978082116
./ours_US_rpe.zip,2.618465010509105,1.0383276440461409,0.8287636582384499,2.4037958970906907,0.1057532701644926,39.78279962412503,2927.6652978082116
./rgbdvo_rpe.zip,3.418676543196347,1.1889668521434202,0.8915887827257376,3.2052624122690934,0.04737953291243907,54.124104335200116,4990.498154089395
