,rmse,mean,median,std,min,max,sse
./ColorICP_ape.zip,0.07396772676862612,0.06911810908600714,0.07046522419970243,0.02634220187632281,0.011398455088724016,0.1440837259440995,2.8669216921386997
./gradslam_ape.zip,0.07319749555536831,0.06807089328990697,0.06688186511889706,0.02691146302771857,0.009623223228733201,0.15231247555999405,2.807525638322958
./ours_ape.zip,0.07111299346681511,0.06657327769039002,0.07003754670357101,0.02500113072181952,0.0038311057943164095,0.13969276422630256,2.6498983080611156
./ours_US_ape.zip,0.07111299346681511,0.06657327769039002,0.07003754670357101,0.02500113072181952,0.0038311057943164095,0.13969276422630256,2.6498983080611156
./rgbdvo_ape.zip,0.07986403201353755,0.0745119277265705,0.07067940431868976,0.028744325282213247,0.0243431521329046,0.13680545047854273,3.3422101313566994
