,rmse,mean,median,std,min,max,sse
./ColorICP_rpe.zip,0.7171441286022173,0.3483403007020692,0.24642530155220047,0.6268610181654508,0.02392196533272746,8.874470459248116,107.48780154842444
./gradslam_rpe.zip,0.48809990792452834,0.28171743673571037,0.19310711146739176,0.39859353476316456,0.02407943726951644,5.448951660485408,49.79247770423001
./ours_rpe.zip,1.962836621337634,0.5614543662451278,0.4116209271002392,1.8808233826408103,0.0372515383709445,27.51200236389837,805.220068831405
./ours_US_rpe.zip,1.962836621337634,0.5614543662451278,0.4116209271002392,1.8808233826408103,0.0372515383709445,27.51200236389837,805.220068831405
./rgbdvo_rpe.zip,21.153958555450608,5.186578361452638,0.6704772415409722,20.508275584900677,0.11726171558994564,166.3372660801077,93525.40217623589
