,rmse,mean,median,std,min,max,sse
./ColorICP_rpe.zip,0.5769226963625657,0.48989336472819744,0.42950498142493904,0.3047036080743687,0.0280640300161225,3.783281487944995,939.6067485634086
./gradslam_rpe.zip,0.5452941311730621,0.4586139470529904,0.3946089060249776,0.2949897236519631,0.023214582538065864,3.515791249762014,839.406881435308
./ours_GS_rpe.zip,0.7148725593834108,0.6001360045683357,0.5131587499598718,0.38843217191698043,0.028064030016122492,3.732571474067448,1442.6737570979526
./ours_rpe.zip,0.7244665850613661,0.6049924782716717,0.5179958437035321,0.3985422613791143,0.028064030016122492,4.166496627754744,1481.656724193358
./rgbdvo_rpe.zip,14.123634983694094,2.282110580533443,0.535944257215566,13.938042776905403,0.0280640300161225,176.72227620587165,563123.7549258679
