,rmse,mean,median,std,min,max,sse
./ColorICP_rpe.zip,0.0014635799739274864,0.0010143059085414288,0.0007211102550927224,0.0010551065652243516,3.342213888644168e-16,0.01274141892858494,0.0033866068836689803
./gradslam_rpe.zip,0.0017979349294853946,0.001187675140303268,0.000773353912745477,0.001349813976727632,2.259140179941514e-16,0.0137981398771605,0.0051106931868592324
./ours_GS_rpe.zip,0.002769446241214192,0.0019157145038547808,0.00106475903587414,0.00199996760541161,2.2377260456559053e-16,0.015557383980618867,0.012126005155584133
./ours_rpe.zip,0.002412583750000852,0.0016991552906745774,0.0009915089589598541,0.001712726378888574,1.9626155733547196e-16,0.013018085382339095,0.009202305914564484
./rgbdvo_rpe.zip,0.003231043552230583,0.0010992249625981453,0.0007483314773547643,0.0030383131698381474,3.521787733787174e-16,0.11160213747146287,0.016505074691965514
