,rmse,mean,median,std,min,max,sse
./ColorICP_rpe.zip,0.009177206256347615,0.006906905098968594,0.005004801781063982,0.0060428285285441825,0.00022360679775013036,0.08797750208678945,0.23775620671777378
./gradslam_rpe.zip,0.009516026424885289,0.006427876992620043,0.004688283267892356,0.0070169192874694674,0.00012706667920515995,0.11598558260530244,0.2556360844286619
./ours_GS_rpe.zip,0.007934211105764425,0.005409940621431865,0.004385836297863917,0.005803813258833968,0.00022360679774991777,0.16464087263948096,0.17771266567336874
./ours_rpe.zip,0.008701968176146461,0.005590788378478941,0.004459820624195525,0.006668383270758404,0.00022156687776617672,0.18637316270643278,0.21376955814145343
./rgbdvo_rpe.zip,0.021512839613743992,0.006696648816109672,0.004985980344927097,0.02044400065741462,0.00022360679774999356,1.0616462113390523,1.306490803260357
