,rmse,mean,median,std,min,max,sse
./ColorICP_rpe.zip,2.2032376246069014,0.7316470263178528,0.47103642104782295,2.078208040443426,0.047346527294083236,42.414875565005616,2859.156801954758
./gradslam_rpe.zip,1.9837857081437764,0.6357355165212326,0.3985843987250654,1.8791610066380648,0.0427105357463905,37.82678573679148,2317.953978407112
./ours_rpe.zip,2.4808290263896193,0.8155585888354769,0.5216832903362216,2.3429419212507065,0.047771106759643654,41.116536536967466,3625.0079556664105
./ours_US_rpe.zip,2.4808290263896193,0.8155585888354769,0.5216832903362216,2.3429419212507065,0.047771106759643654,41.116536536967466,3625.0079556664105
./rgbdvo_rpe.zip,7.858978095979815,1.402041303128046,0.7246249217426408,7.732904816264942,0.07942456839895395,146.94580828775483,36378.723124010314
