,rmse,mean,median,std,min,max,sse
./ColorICP_rpe.zip,0.957710576168274,0.32125540184569307,0.10674850563721922,0.9022219873675932,6.1794688172702264e-31,25.493406840234588,4569.537966664155
./gradslam_rpe.zip,0.771589088783619,0.2932269987712407,0.10548099057618492,0.7136999713615982,1.6656283493788394e-30,12.770732225252173,2966.0323146549385
./ours_GS_rpe.zip,0.7301889737922151,0.26949758608535335,0.1050113888458235,0.6786361238114986,1.0593375115320393e-30,11.237055105168336,2656.282520364582
./ours_rpe.zip,0.7133297365416954,0.2661112738699706,0.10500674011805114,0.661833893778451,3.531125038440127e-31,11.275707713423943,2535.0374575385995
./rgbdvo_rpe.zip,21.178539498685428,4.084463817129229,0.10850749564750684,20.780945373681654,1.1166397824320422e-30,178.5352667121706,2234579.126851541
