,rmse,mean,median,std,min,max,sse
./ColorICP_ape.zip,0.12275210730592476,0.11644049073113943,0.112665536054677,0.03885475474554817,0.04413189516218183,0.21038436424344148,8.890167110346708
./gradslam_ape.zip,0.22699394060359948,0.20506968901239003,0.19699195549748366,0.09732765135927239,0.023892675756977767,0.39231323003284113,30.40048695174276
./ours_ape.zip,0.17254862031397358,0.16541689164203216,0.16166883943506127,0.04909458556443895,0.022522604375084375,0.27965831689794374,17.566085559630935
./ours_US_ape.zip,0.17254862031397358,0.16541689164203216,0.16166883943506127,0.04909458556443895,0.022522604375084375,0.27965831689794374,17.566085559630935
./rgbdvo_ape.zip,0.3058746223466416,0.2670402578359197,0.2600987779583738,0.14916026713111682,0.04858727409752839,0.5169000767951439,55.199977911463364
