,rmse,mean,median,std,min,max,sse
./ColorICP_rpe.zip,0.21973778052267745,0.181858637247481,0.1503287461546362,0.12333745679039071,0.009930353467806163,1.0852291565062626,174.25945411021783
./gradslam_rpe.zip,0.22473245387892518,0.18793459903882712,0.15777427284455517,0.12322849634138408,0.006217552156111416,1.2636043605735903,182.27137505763363
./ours_GS_rpe.zip,0.2321958414034192,0.19448660042553473,0.16345766667889722,0.12684585535191997,0.008428836804708278,1.2026449624476407,194.57890573303587
./ours_rpe.zip,0.23203861937013998,0.194465212046089,0.1635402104053584,0.12659068758431777,0.009177273012067317,1.234363750911761,194.31549245303532
./rgbdvo_rpe.zip,6.222408909416793,0.7631875083235051,0.3765684837960693,6.17542852465547,0.025888458421028254,171.0881466166005,139734.60684328605
