,rmse,mean,median,std,min,max,sse
./ColorICP_rpe.zip,2.257075506994831,0.6181086455486066,0.42511474964374996,2.1707905349374546,0.031291241659844926,36.71926681446775,2995.5012284342724
./gradslam_rpe.zip,1.8420408269367743,0.5295969090968322,0.3463271858082696,1.7642679847395624,0.02960764505808903,29.195960527433325,1995.151271963926
./ours_rpe.zip,2.47076179604525,0.6834368475398891,0.47280863535587747,2.3743584245478795,0.030650891304257296,38.745636797106975,3589.542345444489
./ours_US_rpe.zip,2.47076179604525,0.6834368475398891,0.47280863535587747,2.3743584245478795,0.030650891304257296,38.745636797106975,3589.542345444489
./rgbdvo_rpe.zip,6.4954599247662115,1.0375878542446966,0.5757893362794911,6.412052017799587,0.0334315957148747,146.24823047309874,24808.307784935398
