,rmse,mean,median,std,min,max,sse
./ColorICP_rpe.zip,6.288647616630669,1.7070599604404257,1.13581985056116,6.052523038999168,0.048684831135911,75.21643555490446,13010.992230384862
./gradslam_rpe.zip,5.096580753513673,1.4732578452663252,0.9835748394340704,4.87900058397693,0.05484630048373499,58.31296631079604,8545.819539061293
./ours_rpe.zip,6.361583440459536,1.8602764051851872,1.3231562778731476,6.0835117790828885,0.21506055664416343,71.38284535646895,13314.545733206636
./ours_US_rpe.zip,6.361583440459536,1.8602764051851872,1.3231562778731476,6.0835117790828885,0.21506055664416343,71.38284535646895,13314.545733206636
./rgbdvo_rpe.zip,11.38709506781377,2.8718832432162333,1.4222890131746226,11.018993634663852,0.20741138229306674,130.849536026406,42660.09231344803
