,rmse,mean,median,std,min,max,sse
./ColorICP_ape.zip,0.12313921567134238,0.11526494376174773,0.11781628226769406,0.0433273490506228,0.011172851684768979,0.20249504609656183,6.323082103875957
./gradslam_ape.zip,0.12366092542510507,0.11725765296821594,0.11579431800177661,0.03927680355348226,0.014736278498483994,0.20659047149339385,6.376774206906246
./ours_ape.zip,0.13882744580290585,0.1259656036984642,0.12025130657959328,0.05835860170566307,0.006605396357449423,0.2858856236955923,8.036865898302205
./ours_US_ape.zip,0.13882744580290585,0.1259656036984642,0.12025130657959328,0.05835860170566307,0.006605396357449423,0.2858856236955923,8.036865898302205
./rgbdvo_ape.zip,0.15579408855422175,0.14403092256677646,0.14539193451709798,0.05938763653323752,0.029825436537767952,0.3231292315872774,10.121339777859767
