,rmse,mean,median,std,min,max,sse
./gradslam_rpe.zip,0.31197773659445166,0.16922024912691838,0.09854359020973422,0.2620965765057238,0.0,13.998298901662196,826.2352879206385
./ours_GS_rpe.zip,0.4466333499846255,0.16429021807918676,0.09857823459504048,0.41531924294689526,4.993764919797245e-31,18.583648676843044,1693.3971743646528
./ours_rpe.zip,0.31294923906426286,0.16038307698208973,0.09857602052774651,0.26872754761776513,1.997505967918898e-30,10.307063760294152,831.3891134741198
./rgbdvo_rpe.zip,26.696721993037464,6.651634857959793,0.09905440210292049,25.854800693293004,1.3789484093531431e-30,179.39336880189953,6050237.339358098
