,rmse,mean,median,std,min,max,sse
./ColorICP_rpe.zip,0.9941194128322778,0.522792326274314,0.36236040497681105,0.8455540139805877,0.0444151172445452,13.51857408031038,599.8819580307855
./gradslam_rpe.zip,1.4220397098560225,0.7471030877373165,0.5549263585242226,1.2099726908904882,0.03210322530756656,24.360311616852588,1227.4735403992922
./ours_GS_rpe.zip,0.7205643548609667,0.5377323353290732,0.4591164340036514,0.4796424971139884,0.035492694798040535,7.4032519592233665,322.43126647714087
./ours_rpe.zip,0.7120302830995784,0.5289297585902307,0.4491304213054721,0.47667644637484036,0.034109749986947574,7.603125617856797,314.83900403558766
./rgbdvo_rpe.zip,11.046622170824136,1.5302853282717102,0.5123696519358436,10.940113719656653,0.04542280688714499,179.56282090878,74070.9118606606
