,rmse,mean,median,std,min,max,sse
./ColorICP_ape.zip,0.04531370365262857,0.040616247889779696,0.039458555720157606,0.020091096188964166,0.0019168076708371005,0.10592469644205114,2.854131116818359
./gradslam_ape.zip,0.04874484250284236,0.04266567594059778,0.03975724212248248,0.023573285031127995,0.0032090389250272367,0.1204333980818939,3.3027229421714006
./ours_ape.zip,0.04295291024913302,0.039870937305418144,0.0387250792205892,0.015976885092454395,0.005712218174521515,0.08386151486682684,2.5644839734294056
./ours_GS_ape.zip,0.05177750209494466,0.04794047634804776,0.04895279356924585,0.01956068635590971,0.008650418432253228,0.09038550965155018,3.726464515236878
./rgbdvo_ape.zip,0.06068206044952163,0.05601285362925798,0.0526984523614017,0.023342508192281286,0.016244793307040747,0.1188275288606477,5.118414319955162
