,rmse,mean,median,std,min,max,sse
./ColorICP_rpe.zip,0.04109658395836005,0.010004331373230004,0.006104256352812266,0.039860288092550746,0.0005917453402076838,0.6171743779406038,0.43743266617905296
./gradslam_rpe.zip,0.04035782848009726,0.01223702395979099,0.008332593648347793,0.038457893393118274,0.0006747845408768555,0.5859233367912776,0.42184736878389784
./ours_rpe.zip,0.04097628468348991,0.009968947928974532,0.006500641890045116,0.039745137861778815,0.0009208026321920825,0.6273535301166474,0.4348754797737641
./ours_US_rpe.zip,0.04097628468348991,0.009968947928974532,0.006500641890045116,0.039745137861778815,0.0009208026321920825,0.6273535301166474,0.4348754797737641
./rgbdvo_rpe.zip,0.041443274063244114,0.009669466661788625,0.004930887906594232,0.040299458799811706,0.0007333830228418686,0.5475726555567614,0.44484414595602106
