,rmse,mean,median,std,min,max,sse
./ColorICP_ape.zip,1.0338157484208677,0.7694545370900532,0.49653768656418246,0.6904453034343349,0.06405438982705307,3.4723422377249484,2360.9239787177444
./gradslam_ape.zip,1.5458148704651289,1.3971429739178831,1.3664328483372818,0.6614643786199044,0.23751272169083223,2.9254123185334544,5278.501842776231
./ours_ape.zip,0.8649342907549625,0.7142069840844586,0.43019690198481797,0.48787263830714256,0.20190709200823823,2.096833842822732,1652.5779220582522
./ours_GS_ape.zip,1.0078227467427423,0.8579267987589815,0.6770626710352259,0.528836739290352,0.11704022522138716,2.876494444780109,2243.696075674257
./rgbdvo_ape.zip,1.8659055791490173,1.715093784729137,1.7552195669037791,0.7348856644968084,0.3176474691904179,2.7830456840684294,7690.862419331442
