,rmse,mean,median,std,min,max,sse
./ColorICP_ape.zip,0.2578604681372146,0.23254080472106503,0.244978127683042,0.11143067426711088,0.032620847129895,0.3939557961772996,21.94236693922134
./gradslam_ape.zip,0.24141502041326657,0.2242665605334827,0.24775442851317486,0.08936286649173501,0.047076990845893694,0.4203168664597492,19.23279998677551
./ours_ape.zip,0.5491832540081513,0.45188185684398674,0.3238302437762948,0.31209779547156735,0.11424305958589857,1.3825667028450697,99.52874133938394
./ours_US_ape.zip,0.5491832540081513,0.45188185684398674,0.3238302437762948,0.31209779547156735,0.11424305958589857,1.3825667028450697,99.52874133938394
./rgbdvo_ape.zip,0.34561496201688124,0.30960328890200345,0.27465721937351084,0.15360828581490282,0.07394627170146126,0.9825070102265091,39.41840165007699
