,rmse,mean,median,std,min,max,sse
./ColorICP_rpe.zip,1.7810825331828894,1.0106841161729012,0.5048723273555528,1.4665512631084465,0.009671712577895095,23.60794112129053,6855.243033409835
./gradslam_rpe.zip,1.8301610433654567,1.0817766057114666,0.6415579045149059,1.4762279024554152,0.015484722111279698,31.378932554584313,7238.246689894133
./ours_GS_rpe.zip,1.7665279784820098,0.9034039322186352,0.3865067498247929,1.5180521842188575,0.014047141768486909,27.123530405806566,6743.6621944197905
./ours_rpe.zip,1.6878159636168695,0.8810436413491899,0.37357787596175357,1.439612735800188,0.009928193104718175,20.599685772271737,6156.089813133314
./rgbdvo_rpe.zip,46.40975348561045,19.456213244337484,0.7916850687258472,42.13455808224406,0.036826438955841825,179.2101537033434,4654502.737384079
