,rmse,mean,median,std,min,max,sse
./ColorICP_rpe.zip,0.5456130260666537,0.41667969743050676,0.33401497378231726,0.35223799335510697,0.01949804905767051,4.666347941700224,516.4983512606151
./gradslam_rpe.zip,0.5102399965511292,0.39283170969330194,0.3178171791087538,0.3256195662731797,0.019498049057670507,3.226365287190551,451.69832182966115
./ours_GS_rpe.zip,0.5475805439169062,0.43485660614676647,0.3555222227755563,0.3327824877706922,0.01949804905767051,2.823848724180538,520.230124352441
./ours_rpe.zip,0.5578332651674681,0.4374101364579922,0.3559041929454354,0.3461940557710363,0.019498049057670514,3.151743253212078,539.8937462470369
./rgbdvo_rpe.zip,21.44088098987012,4.629238886078439,0.42976430419292805,20.935174347432437,0.01949804905767051,179.55763079479516,797599.2401737778
