,rmse,mean,median,std,min,max,sse
./gradslam_ape.zip,0.07105183275458933,0.06512288328949671,0.05857043922245211,0.028414309948487634,0.010026395772714285,0.16087018145788262,2.7967930675335175
./ours_ape.zip,0.07325531274941294,0.06488516228600284,0.05488814623596025,0.03400377274852571,0.013894077056865515,0.16835484223388322,2.9729528286919233
./ours_US_ape.zip,0.07325531274941294,0.06488516228600284,0.05488814623596025,0.03400377274852571,0.013894077056865515,0.16835484223388322,2.9729528286919233
./rgbdvo_ape.zip,0.0733128398254502,0.06556757957396586,0.056920678320067,0.032797332087896584,0.017704704205951705,0.1743858030543687,2.9776239557327533
