,rmse,mean,median,std,min,max,sse
./gradslam_rpe.zip,1.920482633801173,0.587842135189355,0.39150168049995004,1.8283039054894321,0.010441325858798707,23.424525029178305,2039.6042113427352
./ours_rpe.zip,2.863096735413866,0.883902153085953,0.6222575350829186,2.7232406981586386,0.041617234539560975,47.2158913680641,4533.119572734657
./ours_US_rpe.zip,2.863096735413866,0.883902153085953,0.6222575350829186,2.7232406981586386,0.041617234539560975,47.2158913680641,4533.119572734657
./rgbdvo_rpe.zip,22.881723085325124,4.875390347328097,0.8267748549014292,22.356292633499873,0.0770680731518838,171.29272532093776,289536.0079984859
