,rmse,mean,median,std,min,max,sse
./gradslam_ape.zip,0.9459977239857545,0.8775310070059003,0.8603019562594391,0.35334264606672977,0.16025399577292554,1.9496964387395668,2371.515988533504
./ours_ape.zip,0.36552020329488005,0.3365385466497199,0.2920897797789668,0.14264229960157246,0.09402614855429955,0.8404264629427387,354.0533003943357
./ours_GS_ape.zip,0.32687406455451,0.31067750478091793,0.30062297456597425,0.10161762692313125,0.11078757875162472,0.6253318281877343,283.1436333077229
./rgbdvo_ape.zip,0.9365737314923283,0.8681232942436058,0.8544158087964249,0.35147162120588593,0.06420284849396385,1.8869147705525589,2324.501439481879
