,rmse,mean,median,std,min,max,sse
./ColorICP_rpe.zip,8.146866718928726,1.8756885447317337,0.9893248383243695,7.928002889703728,0.02192054863549113,99.06800336316081,21902.5743208762
./gradslam_rpe.zip,7.2585393493815165,1.6221907440996208,0.7839542903579052,7.074948104140224,0.03984284880019023,90.41675622165707,17386.50985055155
./ours_rpe.zip,8.467067085503418,1.9858231565342666,1.0980424326719658,8.230901009086892,0.0934433663814101,94.24887577322286,23658.104260037064
./ours_US_rpe.zip,8.467067085503418,1.9858231565342666,1.0980424326719658,8.230901009086892,0.0934433663814101,94.24887577322286,23658.104260037064
./rgbdvo_rpe.zip,9.15645264031819,2.257121842479382,1.2368064024470646,8.87389575905602,0.09452364135828864,92.98625222365848,27667.406234948678
