,rmse,mean,median,std,min,max,sse
./ColorICP_ape.zip,0.1735295982228081,0.16011206548151172,0.1563018100134947,0.06690775699882126,0.03709678922000788,0.26061668500973595,12.888159184610023
./gradslam_ape.zip,0.18498130304679963,0.16821099620018842,0.16084163417582678,0.07696195965691177,0.04789959093939627,0.30481039038450364,14.645339300109743
./ours_ape.zip,0.17890401065666348,0.16588764189016078,0.1562862771648618,0.06699205398524016,0.019932749836148088,0.26403039292539476,13.698844072428933
./ours_US_ape.zip,0.17890401065666348,0.16588764189016078,0.1562862771648618,0.06699205398524016,0.019932749836148088,0.26403039292539476,13.698844072428933
./rgbdvo_ape.zip,0.13589310889857625,0.12080398967913045,0.1133808369458566,0.06223610787737976,0.017437703436366952,0.28960120152444613,7.903849055739492
