,rmse,mean,median,std,min,max,sse
./ColorICP_rpe.zip,0.07105881092207306,0.017350982420451775,0.011256449770748942,0.06890789518410864,0.0008995639011519056,1.1686515837297384,2.6256643970226428
./gradslam_rpe.zip,0.07945523883987649,0.02043192776441797,0.012941756804280337,0.07678327491668628,0.0019477144798581104,1.3258285655404345,3.282830189132945
./ours_rpe.zip,0.06382605133524498,0.016652062291927238,0.01099361855436674,0.06161553091936401,0.0008392827940673559,0.8991576455582664,2.1183577111056504
./ours_US_rpe.zip,0.06382605133524498,0.016652062291927238,0.01099361855436674,0.06161553091936401,0.0008392827940673559,0.8991576455582664,2.1183577111056504
./rgbdvo_rpe.zip,0.04747452109292495,0.012010172483012439,0.0075612827846394766,0.04593022871629171,0.0010798863436704102,0.5942271588068414,1.1719916795613396
