,rmse,mean,median,std,min,max,sse
./ColorICP_ape.zip,0.38165063559078743,0.31153379926510516,0.24247810381706392,0.22046292105998502,0.027146550127516496,0.859435493240302,193.28711454737265
./gradslam_ape.zip,0.3833877792727793,0.31642152718861666,0.24177476259869493,0.21648003701805127,0.02502415025139449,0.8639783154016736,195.0506731954116
./ours_ape.zip,0.33392527524704524,0.2854994233880627,0.2372903538509032,0.1731940203757007,0.007241430196151256,0.7912338162319063,227.9184468333777
./ours_GS_ape.zip,0.3601072664392592,0.3115887988223002,0.23642742370623882,0.18052607509950394,0.04368267033286261,0.7885219854038686,265.06028539177487
./rgbdvo_ape.zip,0.4340460403750264,0.34575870312844953,0.22259466628428615,0.26238689825555644,0.021951737045752363,1.0422675949072877,250.00144577427224
