,rmse,mean,median,std,min,max,sse
./ColorICP_rpe.zip,0.031006565948635195,0.011575136306665327,0.009357784159038294,0.028764967432785,0.0007269764309134484,0.4188424947283835,0.4614754233249905
./gradslam_rpe.zip,0.0372572993277242,0.0158567178088186,0.012032469082996041,0.03371454958214825,0.0015893811197439426,0.4855756383217498,0.6662910495339063
./ours_rpe.zip,0.029130388725750203,0.01085738329500152,0.00805812995110565,0.027031403502199743,0.0005656345259592169,0.4109215172445561,0.40731818271039094
./ours_US_rpe.zip,0.029130388725750203,0.01085738329500152,0.00805812995110565,0.027031403502199743,0.0005656345259592169,0.4109215172445561,0.40731818271039094
./rgbdvo_rpe.zip,0.029952938195159054,0.01335383379691925,0.010067455176244538,0.026811445866407043,0.0011350387765336053,0.40545962145190495,0.4306456831310487
