,rmse,mean,median,std,min,max,sse
./ColorICP_rpe.zip,6.808913517719618,1.7751863699886734,0.9174383032835433,6.573432637792172,0.18460290606335833,74.43488454726487,10060.402814317331
./gradslam_rpe.zip,5.471051201803792,1.4208628935698644,0.7164601227238903,5.283327539575318,0.0563229417533848,65.37537320644,6495.331071848641
./ours_rpe.zip,8.612607647860383,2.05534484675622,1.0566746275791339,8.363765184227486,0.18074316969413848,96.87349590805744,16096.411277628347
./ours_US_rpe.zip,8.612607647860383,2.05534484675622,1.0566746275791339,8.363765184227486,0.18074316969413848,96.87349590805744,16096.411277628347
./rgbdvo_rpe.zip,11.000422996355038,2.4041071258018922,1.0140084040337434,10.734503948781486,0.11205025940467281,119.63452214681537,26259.019423425878
