,rmse,mean,median,std,min,max,sse
./ColorICP_rpe.zip,3.0258671459004147,0.979373440690349,0.6807642313317024,2.8629878882576274,0.09003832570041242,55.398127477847794,6848.592244510362
./gradslam_rpe.zip,2.5169714807367107,0.8307697775607205,0.5623468733903458,2.3759139318446834,0.05846389430302011,45.24346039793506,4738.688785261779
./ours_rpe.zip,3.325770295581289,1.0779690163189128,0.7451502059247836,3.14622485827496,0.05309186420151944,60.87974443221131,8273.4395481102
./ours_US_rpe.zip,3.325770295581289,1.0779690163189128,0.7451502059247836,3.14622485827496,0.05309186420151944,60.87974443221131,8273.4395481102
./rgbdvo_rpe.zip,7.916473752974236,1.4607211070408563,0.8172226752052766,7.780543074167466,0.058176022371620506,155.61587961446767,46877.576397784425
