,rmse,mean,median,std,min,max,sse
./ColorICP_ape.zip,0.005763901937144985,0.005118561888441427,0.004922135704264199,0.002650073533926681,0.0004451125967194907,0.010792460349115374,0.007408632115648288
./gradslam_ape.zip,0.006365641121883585,0.005649688161993905,0.005358151163480582,0.0029329866288207366,0.00010650283450641086,0.012163473068767767,0.009036269277053213
./ours_ape.zip,0.006153402609543235,0.005504174574362293,0.005522553922942595,0.0027510772308456106,0.0004473472807782057,0.011275218005825875,0.008443753099554769
./ours_US_ape.zip,0.006153402609543235,0.005504174574362293,0.005522553922942595,0.0027510772308456106,0.0004473472807782057,0.011275218005825875,0.008443753099554769
./rgbdvo_ape.zip,0.0044994760922402975,0.004040785307521296,0.003961719590734003,0.0019792269205833996,0.0004404290457817442,0.011663870115320864,0.00451469857833517
