,rmse,mean,median,std,min,max,sse
./ColorICP_rpe.zip,0.004657477778423319,0.0037460492045060904,0.0030128374723904826,0.002767528611220903,0.00014142135623670168,0.034081154011068884,0.0361824215598537
./gradslam_rpe.zip,0.004498178344019927,0.0036370615349870924,0.002929134305185266,0.002646770070355035,0.00014142135623668764,0.03336298093597584,0.03374965883556924
./ours_GS_rpe.zip,0.004519377525876355,0.003634862980916002,0.002951268967567782,0.002685618053886798,0.00014142135623675011,0.033524055289504126,0.034068521733289
./ours_rpe.zip,0.004477377507821192,0.0036181842354981184,0.002942395916970344,0.0026373570455165917,0.0001414213562367291,0.030211077937542536,0.033438244791701904
./rgbdvo_rpe.zip,0.006290735658424659,0.0041424884139682734,0.003086259766097551,0.004734252302562058,0.00014142135623669205,0.1310929787084898,0.06600835634712479
