,rmse,mean,median,std,min,max,sse
./ColorICP_rpe.zip,0.0019898091382432384,0.0014903360164748908,0.0012167980476455898,0.0013184229081118295,8.386681507372753e-05,0.02484880384349097,0.00549952382481782
./gradslam_rpe.zip,0.0018113335144565707,0.0014861815340428215,0.0012306809282408532,0.001035467792093852,9.999999999997549e-05,0.012354832870372388,0.004557210520724499
./ours_GS_rpe.zip,0.002034222044448336,0.0015773929225205876,0.001227283859575928,0.0012844807877510384,9.99999999998912e-05,0.011778634096837963,0.005747764403980081
./ours_rpe.zip,0.0025999268184094793,0.0018875439680723551,0.0013038404810401395,0.0017879589563741403,8.217779270976172e-05,0.01909971589979382,0.009389111431446839
./rgbdvo_rpe.zip,0.0028263791904083665,0.001688296438851427,0.0012999999999997328,0.002266732110888943,0.00010000000000000608,0.072728498645852,0.011095914446555128
