,rmse,mean,median,std,min,max,sse
./ColorICP_rpe.zip,0.06062143448026154,0.011830269899846512,0.00714597329282764,0.05945589148723134,0.0005447497590499625,0.9258481669938481,1.2899103697740697
./gradslam_rpe.zip,0.058903116041937646,0.013822032560678937,0.008240960042934217,0.057258436018996384,0.00020041998863604222,0.8114707689534716,1.2178215548869402
./ours_rpe.zip,0.051566903603817466,0.012141488996987781,0.007159839924090015,0.050117160656021086,0.00015221366561521927,0.684659915332638,0.9333600870971763
./ours_US_rpe.zip,0.051566903603817466,0.012141488996987781,0.007159839924090015,0.050117160656021086,0.00015221366561521927,0.684659915332638,0.9333600870971763
./rgbdvo_rpe.zip,0.0795523383545703,0.010791099923642567,0.004807582146111005,0.07881704574594255,0.00020039347517038214,1.415154474439536,2.221329662725693
