,rmse,mean,median,std,min,max,sse
./ColorICP_ape.zip,0.02265020187393988,0.019131883835677963,0.01603468967798459,0.012124465589392133,0.0011323729942377494,0.06587529155165259,0.10773664543534821
./gradslam_ape.zip,0.02237141440839865,0.01913593355739864,0.016051585088164066,0.01158862500554451,0.0017788631498532664,0.06334169137594071,0.10510083835278444
./ours_ape.zip,0.021351172696632562,0.018003329452563166,0.014736664098079572,0.011478358077002976,0.0019525215664825222,0.06416262441311985,0.09573324085949984
./ours_US_ape.zip,0.021351172696632562,0.018003329452563166,0.014736664098079572,0.011478358077002976,0.0019525215664825222,0.06416262441311985,0.09573324085949984
./rgbdvo_ape.zip,0.02466260269436849,0.02120936017843138,0.017999095955868665,0.012585984764087437,0.006138177887975846,0.0530719483380906,0.12773123404865708
