,rmse,mean,median,std,min,max,sse
./ColorICP_rpe.zip,0.002521046879796821,0.0015373757177687725,0.0010151748105116062,0.0019980373551433516,4.8807150083819574e-05,0.025066529334548407,0.0013283365703578574
./gradslam_rpe.zip,0.0025605605721164076,0.0015491471931409896,0.001078402809186202,0.0020387774320559117,5.285321115388726e-05,0.026001461811634707,0.001370302322686715
./ours_rpe.zip,0.002598548793098351,0.0015829525825632937,0.0010867444475719096,0.0020607564027485385,0.00014468208802584858,0.02623959580662651,0.0014112632684935955
./ours_US_rpe.zip,0.002598548793098351,0.0015829525825632937,0.0010867444475719096,0.0020607564027485385,0.00014468208802584858,0.02623959580662651,0.0014112632684935955
./rgbdvo_rpe.zip,0.005137512012711571,0.00198968793824205,0.0009796402480206586,0.004736578046350529,8.697338495068626e-05,0.05673152731732271,0.00551635220327794
