,rmse,mean,median,std,min,max,sse
./gradslam_ape.zip,0.7505257642665472,0.7205628258360958,0.7205739987801647,0.20994793842994772,0.32444725706051336,1.2263855184959251,2635.628869911673
./ours_ape.zip,0.290028364097837,0.2662654508120535,0.2419099164870836,0.11497461322014278,0.04479693228011946,0.6318217071368242,393.5808788203507
./ours_GS_ape.zip,0.24909014310642266,0.2246937867681918,0.2046053599898017,0.10751093702758097,0.056223910081900044,0.5187373574834063,290.31276325880884
./rgbdvo_ape.zip,0.7603233016328133,0.719364277264543,0.6917131633455464,0.24618399542107447,0.26243609862030176,1.3200391637255098,2704.8902361442406
