,rmse,mean,median,std,min,max,sse
./ColorICP_rpe.zip,0.8643880504620334,0.45076140781054647,0.35225972428388325,0.7375505779336147,0.03730571338559959,18.656257101735303,848.0342065220647
./gradslam_rpe.zip,0.5251941181194826,0.4180961973141296,0.358147165864487,0.3178434071972634,0.03257775480798546,5.853087864030919,313.0657580377866
./ours_GS_rpe.zip,0.5984879766367847,0.4688917319685821,0.38837111014079234,0.37192526382365554,0.014647747730030934,4.752942325834262,414.4233519128629
./ours_rpe.zip,0.5961446676196213,0.4634129600149221,0.3849688344946033,0.3750158572934176,0.01668237811264628,4.926192984154712,411.1844536941242
./rgbdvo_rpe.zip,0.6639256298595914,0.5134325351453753,0.4255079354160124,0.4209326238706712,0.03730571338559959,4.781203644162231,500.3048696523565
