,rmse,mean,median,std,min,max,sse
./ColorICP_ape.zip,0.28531380568301445,0.24269858640305503,0.19883602383851254,0.15000454616872028,0.007160985179700771,0.6493591334364646,404.4149115997982
./gradslam_ape.zip,1.7370310689038095,1.6254242547877338,1.4602001313581656,0.6125952385424257,0.16815871321063972,3.2960446214646386,14989.831809786769
./ours_ape.zip,0.5498253777125248,0.44470925976018166,0.30507348287507574,0.32332896600872585,0.11156091700355912,1.5476605934170582,1501.8658756123477
./ours_GS_ape.zip,0.7047675652326194,0.5915888124955907,0.43964809029927454,0.38304046513909107,0.21298181807210684,1.9740349740926662,2467.592290747447
./rgbdvo_ape.zip,0.5796536903238615,0.4770887648045403,0.38413976454000276,0.3292183336379509,0.10087928731803925,1.790777309303625,1669.2400547077614
