,rmse,mean,median,std,min,max,sse
./ColorICP_rpe.zip,0.24952342666259902,0.1673061927310373,0.10994461147468859,0.1851231436835774,0.007541025140922448,1.5196007963548526,89.03457484842697
./gradslam_rpe.zip,0.21040191286085133,0.15759928496643133,0.11796543465668091,0.1393966653603121,0.0075410251409224515,1.6323620385931046,63.304619857772536
./ours_GS_rpe.zip,0.198154125687203,0.15316515816153117,0.11833734381716113,0.12571989441696563,0.00754102514092245,0.8904924970881939,56.14903226340958
./ours_rpe.zip,0.1951113666001623,0.15057034233156436,0.11553640279289948,0.12408471858669157,0.007541025140922444,0.8636029901498341,54.437876888513586
./rgbdvo_rpe.zip,12.987124489002829,2.054930953785087,0.2017650773888463,12.823519847063555,0.007541025140922447,150.200764496776,241191.52556478546
