,rmse,mean,median,std,min,max,sse
./ColorICP_ape.zip,0.13898793366770346,0.12854087895649655,0.12879528112755523,0.052866701640155674,0.0018035440391391635,0.29065015584999854,54.55303147153545
./gradslam_ape.zip,0.5137704234761901,0.460072914257216,0.4141426456166917,0.22867654362827863,0.11817373296954535,1.008058671568919,745.423175661864
./ours_ape.zip,0.25832582559854084,0.2262471633977455,0.2426717439025396,0.1246773966107794,0.02406242103914121,0.42107864547223445,188.4518236513777
./ours_GS_ape.zip,0.16688567624830283,0.1522988779950128,0.13823686802348925,0.0682340142327385,0.025721192957842524,0.3984479719112583,78.65074091767387
./rgbdvo_ape.zip,0.8625716806850887,0.8007428514802555,0.7873353936308282,0.32068799497824674,0.1820483511130451,1.7070954573206591,2101.1404497993935
