,rmse,mean,median,std,min,max,sse
./ColorICP_rpe.zip,0.9752119811815371,0.30213456611710127,0.16525922971685378,0.9272287270125151,0.008852276624711714,15.415847017585946,1143.1481667045023
./gradslam_rpe.zip,0.9124735124927906,0.441650531425563,0.30359886953877085,0.7984689844273531,0.020007165851864434,16.03871918342042,1000.7947090231189
./ours_GS_rpe.zip,1.023215431651498,0.34013652717327353,0.20239999253936175,0.9650269231748233,0.020007744548430018,17.22950542713479,1258.4577231228532
./ours_rpe.zip,1.0182769837750834,0.33547513627288617,0.1942083033590587,0.9614283377500216,0.01701004460861834,16.487105009503143,1246.3393948546698
./rgbdvo_rpe.zip,6.563619271720705,0.8451236360982447,0.33532676253639093,6.508983329507881,0.015455569489016727,130.55478133592183,51783.47972881232
