,rmse,mean,median,std,min,max,sse
./ColorICP_ape.zip,1.486066000708293,1.3929187783445456,1.2932423361320589,0.5178507848756041,0.42464429382797264,2.776814354227206,13007.429813336119
./gradslam_ape.zip,1.975312734089547,1.857987482258858,1.9501301159084456,0.6706287447058259,0.6520116730063897,3.6549867329690255,22981.957741017737
./ours_ape.zip,1.3265189929339023,1.2501090242517225,1.1475365275668477,0.4437116925423318,0.4333326643518531,2.2350548579075915,10364.354041438666
./ours_US_ape.zip,1.3265189929339023,1.2501090242517225,1.1475365275668477,0.4437116925423318,0.4333326643518531,2.2350548579075915,10364.354041438666
./rgbdvo_ape.zip,2.1427664474305117,2.0460506930568925,2.093004548177685,0.6364939981456122,0.7485839394598626,3.509120259209451,27043.629004098122
